0	super::sin(0.0).to_bits()	0x00000000
1	super::sin(1.0).to_bits()	0x3f57695c
2	super::sin(2.0).to_bits()	0x3f68c9b2
3	super::sin(3.0).to_bits()	0x3e108520
4	super::sin(0.5).to_bits()	0x3ef5752e
5	super::sin(3.141592653589793).to_bits()	0x250d3132
6	super::sin(1.5707963267948966).to_bits()	0x3f800000
7	super::sin(6.283185307179586).to_bits()	0x00000000
8	super::sin(-3.141592653589793).to_bits()	0x250d3132
9	super::sin(-1.5707963267948966).to_bits()	0xbf800000
10	super::sin(100.0).to_bits()	0xbf01a5b4
11	super::sin(1000.0).to_bits()	0x3f53ad24
12	super::sin(10000.0).to_bits()	0xbe9c7373
13	super::sin(1000000.0).to_bits()	0xbeb337e3
14	super::sin(-1000000.0).to_bits()	0x3eb337e3
15	super::sin(12345.6789).to_bits()	0xbf3418e1
16	super::sin(1.7976931348623157E308).to_bits()	0xb8c90fdb
17	super::sin(2.2250738585072014E-308).to_bits()	0x00000000
18	super::sin(4.9E-324).to_bits()	0x00000000
19	super::sin(1.0E308).to_bits()	0xb8c90fdb
20	super::cos(0.0).to_bits()	0x3f800000
21	super::cos(1.0).to_bits()	0x3f0a5341
22	super::cos(2.0).to_bits()	0xbed5088d
23	super::cos(3.0).to_bits()	0xbf7d7007
24	super::cos(0.5).to_bits()	0x3f60a9d2
25	super::cos(3.141592653589793).to_bits()	0xbf800000
26	super::cos(1.5707963267948966).to_bits()	0x250d3132
27	super::cos(6.283185307179586).to_bits()	0x3f800000
28	super::cos(-3.141592653589793).to_bits()	0xbf800000
29	super::cos(-1.5707963267948966).to_bits()	0x00000000
30	super::cos(100.0).to_bits()	0x3f5cbe46
31	super::cos(1000.0).to_bits()	0x3f0ff9e5
32	super::cos(10000.0).to_bits()	0xbf73c16c
33	super::cos(1000000.0).to_bits()	0x3f6fcdf4
34	super::cos(-1000000.0).to_bits()	0x3f6fcdf4
35	super::cos(12345.6789).to_bits()	0x3f35efd3
36	super::cos(1.7976931348623157E308).to_bits()	0xb8c90fdb
37	super::cos(2.2250738585072014E-308).to_bits()	0x3f800000
38	super::cos(4.9E-324).to_bits()	0x3f800000
39	super::cos(1.0E308).to_bits()	0xb8c90fdb
40	super::sqrt(0.0f32).to_bits()	0x00000000
41	super::sqrt(1.0f32).to_bits()	0x3f800000
42	super::sqrt(2.0f32).to_bits()	0x3fb504f3
43	super::sqrt(3.0f32).to_bits()	0x3fddb3d7
44	super::sqrt(0.25f32).to_bits()	0x3f000000
45	super::sqrt(100.0f32).to_bits()	0x41200000
46	super::sqrt(3.4028235E38f32).to_bits()	0x5f7fffff
47	super::sqrt(1.4E-45f32).to_bits()	0x1a3504f3
48	super::sqrt(f32::NAN).to_bits()	0x7fc00000
49	super::sqrt(f32::INFINITY).to_bits()	0x7f800000
50	super::sqrt(4.0f32).to_bits()	0x40000000
51	super::sqrt(1.0E30f32).to_bits()	0x58635fa9
52	super::floor_d(-1.5)	-2i32
53	super::floor_d(-1.0)	-1i32
54	super::floor_d(-0.5)	-1i32
55	super::floor_d(0.5)	0i32
56	super::floor_d(1.5)	1i32
57	super::floor_d(3.9)	3i32
58	super::floor_d(-3.9)	-4i32
59	super::floor_d(f64::NAN)	0i32
60	super::floor_d(f64::INFINITY)	2147483647i32
61	super::floor_d(1.7976931348623157E308)	2147483647i32
62	super::floor_d(4.9E-324)	0i32
63	super::floor_d(2.147483647E9)	2147483647i32
64	super::floor_d(2.147483648E9)	2147483647i32
65	super::floor_d(-2.147483648E9)	-2147483648i32
66	super::floor_d(-2.147483649E9)	-2147483648i32
67	super::floor_d(1.0E30)	2147483647i32
68	super::floor_d(-1.0E30)	-2147483648i32
69	super::floor_d(4.9E-324)	0i32
70	super::floor(-1.5f32)	-2i32
71	super::floor(-1.0f32)	-1i32
72	super::floor(-0.5f32)	-1i32
73	super::floor(0.5f32)	0i32
74	super::floor(1.5f32)	1i32
75	super::floor(3.9f32)	3i32
76	super::floor(-3.9f32)	-4i32
77	super::floor(f32::NAN)	0i32
78	super::floor(3.4028235E38f32)	2147483647i32
79	super::floor(1.4E-45f32)	0i32
80	super::floor(2.1474836E9f32)	2147483647i32
81	super::floor(2.1474836E9f32)	2147483647i32
82	super::floor(-2.1474836E9f32)	-2147483648i32
83	super::floor(-2.1474836E9f32)	-2147483648i32
84	super::ceil(-1.5f32)	-1i32
85	super::ceil(-1.0f32)	-1i32
86	super::ceil(-0.5f32)	0i32
87	super::ceil(0.5f32)	1i32
88	super::ceil(1.5f32)	2i32
89	super::ceil(3.9f32)	4i32
90	super::ceil(-3.9f32)	-3i32
91	super::ceil(f32::NAN)	0i32
92	super::ceil(3.4028235E38f32)	2147483647i32
93	super::ceil(1.4E-45f32)	1i32
94	super::ceil(2.1474836E9f32)	2147483647i32
95	super::ceil(2.1474836E9f32)	2147483647i32
96	super::ceil(-2.1474836E9f32)	-2147483648i32
97	super::ceil(-2.1474836E9f32)	-2147483648i32
98	super::ceil_d(-1.5)	-1i32
99	super::ceil_d(-1.0)	-1i32
100	super::ceil_d(-0.5)	0i32
101	super::ceil_d(0.5)	1i32
102	super::ceil_d(1.5)	2i32
103	super::ceil_d(3.9)	4i32
104	super::ceil_d(-3.9)	-3i32
105	super::ceil_d(f64::NAN)	0i32
106	super::ceil_d(f64::INFINITY)	2147483647i32
107	super::ceil_d(1.7976931348623157E308)	2147483647i32
108	super::ceil_d(4.9E-324)	1i32
109	super::ceil_d(2.147483647E9)	2147483647i32
110	super::ceil_d(2.147483648E9)	2147483647i32
111	super::ceil_d(-2.147483648E9)	-2147483648i32
112	super::ceil_d(-2.147483649E9)	-2147483648i32
113	super::ceil_d(1.0E30)	2147483647i32
114	super::ceil_d(-1.0E30)	-2147483648i32
115	super::ceil_d(4.9E-324)	1i32
116	super::lfloor(-1.5)	-2i64
117	super::lfloor(-1.0)	-1i64
118	super::lfloor(-0.5)	-1i64
119	super::lfloor(0.5)	0i64
120	super::lfloor(1.5)	1i64
121	super::lfloor(3.9)	3i64
122	super::lfloor(-3.9)	-4i64
123	super::lfloor(f64::NAN)	0i64
124	super::lfloor(f64::INFINITY)	9223372036854775807i64
125	super::lfloor(1.7976931348623157E308)	9223372036854775807i64
126	super::lfloor(4.9E-324)	0i64
127	super::lfloor(2.147483647E9)	2147483647i64
128	super::lfloor(2.147483648E9)	2147483648i64
129	super::lfloor(-2.147483648E9)	-2147483648i64
130	super::lfloor(-2.147483649E9)	-2147483649i64
131	super::lfloor(1.0E30)	9223372036854775807i64
132	super::lfloor(-1.0E30)	-9223372036854775808i64
133	super::lfloor(4.9E-324)	0i64
134	super::ceil_long(-1.5)	-1i64
135	super::ceil_long(-1.0)	-1i64
136	super::ceil_long(-0.5)	0i64
137	super::ceil_long(0.5)	1i64
138	super::ceil_long(1.5)	2i64
139	super::ceil_long(3.9)	4i64
140	super::ceil_long(-3.9)	-3i64
141	super::ceil_long(f64::NAN)	0i64
142	super::ceil_long(f64::INFINITY)	9223372036854775807i64
143	super::ceil_long(1.7976931348623157E308)	9223372036854775807i64
144	super::ceil_long(4.9E-324)	1i64
145	super::ceil_long(2.147483647E9)	2147483647i64
146	super::ceil_long(2.147483648E9)	2147483648i64
147	super::ceil_long(-2.147483648E9)	-2147483648i64
148	super::ceil_long(-2.147483649E9)	-2147483649i64
149	super::ceil_long(1.0E30)	9223372036854775807i64
150	super::ceil_long(-1.0E30)	-9223372036854775808i64
151	super::ceil_long(4.9E-324)	1i64
152	super::abs_i32(0i32)	0i32
153	super::abs_i32(1i32)	1i32
154	super::abs_i32(-1i32)	1i32
155	super::abs_i32(42i32)	42i32
156	super::abs_i32(-42i32)	42i32
157	super::abs_i32(2147483647i32)	2147483647i32
158	super::abs_i32(-2147483648i32)	-2147483648i32
159	super::abs_max(0i32, 1i32)	1i32
160	super::abs_max(1i32, 2i32)	2i32
161	super::abs_max(-1i32, 0i32)	1i32
162	super::abs_max(42i32, 43i32)	43i32
163	super::abs_max(-42i32, -41i32)	42i32
164	super::abs_max(2147483647i32, -2147483648i32)	2147483647i32
165	super::abs_max(-2147483648i32, -2147483647i32)	2147483647i32
166	super::abs_max(0i32, -1i32)	1i32
167	super::abs_max(1i32, 0i32)	1i32
168	super::abs_max(-1i32, -2i32)	2i32
169	super::abs_max(42i32, 41i32)	42i32
170	super::abs_max(-42i32, -43i32)	43i32
171	super::abs_max(2147483647i32, 2147483646i32)	2147483647i32
172	super::abs_max(-2147483648i32, 2147483647i32)	2147483647i32
173	super::chessboard_distance(3, 7, -2, 10)	5i32
174	super::chessboard_distance(-5, 0, 5, 0)	10i32
175	super::abs(-1.5f32).to_bits()	0x3fc00000
176	super::abs(1.5f32).to_bits()	0x3fc00000
177	super::abs(f32::NAN).to_bits()	0x7fc00000
178	super::abs(1.4E-45f32).to_bits()	0x00000001
179	super::clamp(5, 0, 10)	5i32
180	super::clamp(-5, 0, 10)	0i32
181	super::clamp(15, 0, 10)	10i32
182	super::clamp(-2147483648, -1, 1)	-1i32
183	super::clamp(2147483647, -1, 1)	1i32
184	super::clamp(-9223372036854775808i64, -1i64, 1i64)	-1i64
185	super::clamp_f32(5.0f32, 0.0, 10.0).to_bits()	0x40a00000
186	super::clamp_f32(-5.0f32, 0.0, 10.0).to_bits()	0x00000000
187	super::clamp_f32(15.0f32, 0.0, 10.0).to_bits()	0x41200000
188	super::clamp_f32(f32::NAN, 0.0, 10.0).to_bits()	0x7fc00000
189	super::clamp_f32(5.0f32, 0.0, f32::NAN).to_bits()	0x7fc00000
190	super::clamp_f32(0.5f32, 0.0, 10.0).to_bits()	0x3f000000
191	super::clamp_f64(5.0, 0.0, 10.0).to_bits()	0x4014000000000000
192	super::clamp_f64(-5.0, 0.0, 10.0).to_bits()	0x0000000000000000
193	super::clamp_f64(15.0, 0.0, 10.0).to_bits()	0x4024000000000000
194	super::clamp_f64(f64::NAN, 0.0, 10.0).to_bits()	0x7ff8000000000000
195	super::clamp_f64(5.0, 0.0, f64::NAN).to_bits()	0x7ff8000000000000
196	super::clamp_f64(0.5, 0.0, 10.0).to_bits()	0x3fe0000000000000
197	super::clamped_lerp(-1.0, 1.0, 5.0).to_bits()	0x3ff0000000000000
198	super::clamped_lerp(0.0, 1.0, 5.0).to_bits()	0x3ff0000000000000
199	super::clamped_lerp(0.25, 1.0, 5.0).to_bits()	0x4000000000000000
200	super::clamped_lerp(0.5, 1.0, 5.0).to_bits()	0x4008000000000000
201	super::clamped_lerp(0.75, 1.0, 5.0).to_bits()	0x4010000000000000
202	super::clamped_lerp(1.0, 1.0, 5.0).to_bits()	0x4014000000000000
203	super::clamped_lerp(2.0, 1.0, 5.0).to_bits()	0x4014000000000000
204	super::clamped_lerp(f64::NAN, 1.0, 5.0).to_bits()	0x7ff8000000000000
205	super::clamped_lerp_f32(-1.0f32, 1.0, 5.0).to_bits()	0x3f800000
206	super::clamped_lerp_f32(0.0f32, 1.0, 5.0).to_bits()	0x3f800000
207	super::clamped_lerp_f32(0.25f32, 1.0, 5.0).to_bits()	0x40000000
208	super::clamped_lerp_f32(0.5f32, 1.0, 5.0).to_bits()	0x40400000
209	super::clamped_lerp_f32(1.0f32, 1.0, 5.0).to_bits()	0x40a00000
210	super::clamped_lerp_f32(2.0f32, 1.0, 5.0).to_bits()	0x40a00000
211	super::clamped_lerp_f32(f32::NAN, 1.0, 5.0).to_bits()	0x7fc00000
212	super::lerp(-1.0, 1.0, 5.0).to_bits()	0xc008000000000000
213	super::lerp(0.0, 1.0, 5.0).to_bits()	0x3ff0000000000000
214	super::lerp(0.5, 1.0, 5.0).to_bits()	0x4008000000000000
215	super::lerp(1.0, 1.0, 5.0).to_bits()	0x4014000000000000
216	super::lerp(2.0, 1.0, 5.0).to_bits()	0x4022000000000000
217	super::lerp(f64::NAN, 1.0, 5.0).to_bits()	0x7ff8000000000000
218	super::lerp_f32(-1.0f32, 1.0, 5.0).to_bits()	0xc0400000
219	super::lerp_f32(0.0f32, 1.0, 5.0).to_bits()	0x3f800000
220	super::lerp_f32(0.5f32, 1.0, 5.0).to_bits()	0x40400000
221	super::lerp_f32(1.0f32, 1.0, 5.0).to_bits()	0x40a00000
222	super::lerp_f32(f32::NAN, 1.0, 5.0).to_bits()	0x7fc00000
223	super::lerp_int(0.5, 10, 20)	15i32
224	super::lerp_int(-0.5, 10, 20)	5i32
225	super::lerp_int(0.0, 10, 20)	10i32
226	super::lerp_int(1.0, 10, 20)	20i32
227	super::lerp_discrete(0.5, 10, 20)	15i32
228	super::lerp_discrete(0.0, 10, 20)	10i32
229	super::lerp_discrete(0.5, 10, 11)	11i32
230	super::lerp2(0.5, 0.5, 0.0, 10.0, 20.0, 30.0).to_bits()	0x402e000000000000
231	super::lerp3(0.5, 0.5, 0.5, 0.0, 1.0, 2.0, 3.0, 4.0, 5.0, 6.0, 7.0).to_bits()	0x400c000000000000
232	super::wrap_degrees(180i32)	-180i32
233	super::wrap_degrees(-180i32)	-180i32
234	super::wrap_degrees(181i32)	-179i32
235	super::wrap_degrees(-181i32)	179i32
236	super::wrap_degrees(360i32)	0i32
237	super::wrap_degrees(-360i32)	0i32
238	super::wrap_degrees(540i32)	-180i32
239	super::wrap_degrees(-540i32)	-180i32
240	super::wrap_degrees(720i32)	0i32
241	super::wrap_degrees(0i32)	0i32
242	super::wrap_degrees(359i32)	-1i32
243	super::wrap_degrees(-359i32)	1i32
244	super::wrap_degrees(179i32)	179i32
245	super::wrap_degrees(-179i32)	-179i32
246	super::wrap_degrees(2147483647i32)	127i32
247	super::wrap_degrees(-2147483648i32)	-128i32
248	super::wrap_degrees(1000000i32)	-80i32
249	super::wrap_degrees(-1000000i32)	80i32
250	super::wrap_degrees_f32(180.0f32).to_bits()	0xc3340000
251	super::wrap_degrees_f32(-180.0f32).to_bits()	0xc3340000
252	super::wrap_degrees_f32(181.0f32).to_bits()	0xc3330000
253	super::wrap_degrees_f32(-181.0f32).to_bits()	0x43330000
254	super::wrap_degrees_f32(360.0f32).to_bits()	0x00000000
255	super::wrap_degrees_f32(-360.0f32).to_bits()	0x80000000
256	super::wrap_degrees_f32(540.0f32).to_bits()	0xc3340000
257	super::wrap_degrees_f32(-540.0f32).to_bits()	0xc3340000
258	super::wrap_degrees_f32(720.0f32).to_bits()	0x00000000
259	super::wrap_degrees_f32(0.0f32).to_bits()	0x00000000
260	super::wrap_degrees_f32(359.9f32).to_bits()	0xbdccd000
261	super::wrap_degrees_f32(-359.9f32).to_bits()	0x3dccd000
262	super::wrap_degrees_f32(179.999f32).to_bits()	0x4333ffbe
263	super::wrap_degrees_f32(f32::NAN).to_bits()	0x7fc00000
264	super::wrap_degrees_f32(3.4028235E38f32).to_bits()	0x00000000
265	super::wrap_degrees_f32(-3.4028235E38f32).to_bits()	0x80000000
266	super::wrap_degrees_f32(1.4E-45f32).to_bits()	0x00000001
267	super::wrap_degrees_f32(-1.4E-45f32).to_bits()	0x80000001
268	super::wrap_degrees_f32(-0.0f32).to_bits()	0x80000000
269	super::wrap_degrees_f32(1.0E-4f32).to_bits()	0x38d1b717
270	super::wrap_degrees_f32(270.0f32).to_bits()	0xc2b40000
271	super::wrap_degrees_f32(-270.0f32).to_bits()	0x42b40000
272	super::wrap_degrees_f32(90.0f32).to_bits()	0x42b40000
273	super::wrap_degrees_f32(-90.0f32).to_bits()	0xc2b40000
274	super::wrap_degrees_i64(180i64).to_bits()	0xc3340000
275	super::wrap_degrees_i64(-180i64).to_bits()	0xc3340000
276	super::wrap_degrees_i64(181i64).to_bits()	0xc3330000
277	super::wrap_degrees_i64(-181i64).to_bits()	0x43330000
278	super::wrap_degrees_i64(360i64).to_bits()	0x00000000
279	super::wrap_degrees_i64(-360i64).to_bits()	0x00000000
280	super::wrap_degrees_i64(540i64).to_bits()	0xc3340000
281	super::wrap_degrees_i64(-540i64).to_bits()	0xc3340000
282	super::wrap_degrees_i64(9223372036854775807i64).to_bits()	0x40e00000
283	super::wrap_degrees_i64(-9223372036854775808i64).to_bits()	0xc1000000
284	super::wrap_degrees_i64(0i64).to_bits()	0x00000000
285	super::wrap_degrees_i64(359i64).to_bits()	0xbf800000
286	super::wrap_degrees_i64(1i64).to_bits()	0x3f800000
287	super::wrap_degrees_f64(180.0).to_bits()	0xc066800000000000
288	super::wrap_degrees_f64(-180.0).to_bits()	0xc066800000000000
289	super::wrap_degrees_f64(181.0).to_bits()	0xc066600000000000
290	super::wrap_degrees_f64(-181.0).to_bits()	0x4066600000000000
291	super::wrap_degrees_f64(360.0).to_bits()	0x0000000000000000
292	super::wrap_degrees_f64(-360.0).to_bits()	0x8000000000000000
293	super::wrap_degrees_f64(540.0).to_bits()	0xc066800000000000
294	super::wrap_degrees_f64(-540.0).to_bits()	0xc066800000000000
295	super::wrap_degrees_f64(179.999).to_bits()	0x40667ff7ced91687
296	super::wrap_degrees_f64(1.0E18).to_bits()	0xc054000000000000
297	super::wrap_degrees_f64(-1.0E18).to_bits()	0x4054000000000000
298	super::wrap_degrees_f64(f64::NAN).to_bits()	0x7ff8000000000000
299	super::wrap_degrees_f64(f64::INFINITY).to_bits()	0x7ff8000000000000
300	super::wrap_degrees_f64(0.0).to_bits()	0x0000000000000000
301	super::wrap_degrees_f64(-0.0).to_bits()	0x8000000000000000
302	super::wrap_degrees_f64(90.0).to_bits()	0x4056800000000000
303	super::wrap_degrees_f64(270.0).to_bits()	0xc056800000000000
304	super::wrap_degrees90(45.0f32).to_bits()	0xc2340000
305	super::wrap_degrees90(-45.0f32).to_bits()	0xc2340000
306	super::wrap_degrees90(90.0f32).to_bits()	0x00000000
307	super::wrap_degrees90(-90.0f32).to_bits()	0x80000000
308	super::wrap_degrees90(44.0f32).to_bits()	0x42300000
309	super::wrap_degrees90(-44.0f32).to_bits()	0xc2300000
310	super::wrap_degrees90(46.0f32).to_bits()	0xc2300000
311	super::wrap_degrees90(-46.0f32).to_bits()	0x42300000
312	super::wrap_degrees90(135.0f32).to_bits()	0xc2340000
313	super::wrap_degrees90(-135.0f32).to_bits()	0xc2340000
314	super::wrap_degrees90(180.0f32).to_bits()	0x00000000
315	super::wrap_degrees90(-180.0f32).to_bits()	0x80000000
316	super::wrap_degrees90(0.0f32).to_bits()	0x00000000
317	super::wrap_degrees90(f32::NAN).to_bits()	0x7fc00000
318	super::wrap_degrees90(89.0f32).to_bits()	0xbf800000
319	super::wrap_degrees90(179.0f32).to_bits()	0xbf800000
320	super::degrees_difference(10.0, 350.0).to_bits()	0xc1a00000
321	super::degrees_difference(350.0, 10.0).to_bits()	0x41a00000
322	super::degrees_difference(0.0, 180.0).to_bits()	0xc3340000
323	super::degrees_difference_abs(10.0, 350.0).to_bits()	0x41a00000
324	super::rotate_if_necessary(10.0, 350.0, 30.0).to_bits()	0x43b90000
325	super::rotate_if_necessary(0.0, 20.0, 90.0).to_bits()	0x00000000
326	super::approach(0.0, 10.0, 3.0).to_bits()	0x40400000
327	super::approach(10.0, 0.0, 3.0).to_bits()	0x40e00000
328	super::approach(5.0, 5.0, 3.0).to_bits()	0x40a00000
329	super::approach(0.0, 10.0, -3.0).to_bits()	0x40400000
330	super::approach_degrees(10.0, 350.0, 45.0).to_bits()	0xc1200000
331	super::get_int(Some("42"), -1)	42i32
332	super::get_int(Some("-42"), -1)	-42i32
333	super::get_int(Some("+42"), -1)	42i32
334	super::get_int(Some(""), -1)	-1i32
335	super::get_int(Some(" "), -1)	-1i32
336	super::get_int(Some(" 42"), -1)	-1i32
337	super::get_int(Some("42 "), -1)	-1i32
338	super::get_int(Some("42abc"), -1)	-1i32
339	super::get_int(Some("abc"), -1)	-1i32
340	super::get_int(Some("2147483647"), -1)	2147483647i32
341	super::get_int(Some("2147483648"), -1)	-1i32
342	super::get_int(Some("-2147483648"), -1)	-2147483648i32
343	super::get_int(Some("-2147483649"), -1)	-1i32
344	super::get_int(Some("9223372036854775808"), -1)	-1i32
345	super::get_int(Some("9223372036854775807"), -1)	-1i32
346	super::get_int(Some("18446744073709551616"), -1)	-1i32
347	super::get_int(Some("0x10"), -1)	-1i32
348	super::get_int(Some("1e3"), -1)	-1i32
349	super::get_int(None, -1)	-1i32
350	super::smallest_square_side(0)	0i32
351	super::smallest_square_side(1)	1i32
352	super::smallest_square_side(2)	2i32
353	super::smallest_square_side(3)	2i32
354	super::smallest_square_side(4)	2i32
355	super::smallest_square_side(5)	3i32
356	super::smallest_square_side(8)	3i32
357	super::smallest_square_side(9)	3i32
358	super::smallest_square_side(10)	4i32
359	super::smallest_square_side(15)	4i32
360	super::smallest_square_side(16)	4i32
361	super::smallest_square_side(17)	5i32
362	super::smallest_square_side(1023)	32i32
363	super::smallest_square_side(1024)	32i32
364	super::smallest_square_side(1025)	33i32
365	super::smallest_square_side(2147483647)	46341i32
366	super::smallest_encompassing_power_of_two(0)	0i32
367	super::smallest_encompassing_power_of_two(1)	1i32
368	super::smallest_encompassing_power_of_two(2)	2i32
369	super::smallest_encompassing_power_of_two(3)	4i32
370	super::smallest_encompassing_power_of_two(4)	4i32
371	super::smallest_encompassing_power_of_two(5)	8i32
372	super::smallest_encompassing_power_of_two(8)	8i32
373	super::smallest_encompassing_power_of_two(9)	16i32
374	super::smallest_encompassing_power_of_two(16)	16i32
375	super::smallest_encompassing_power_of_two(31)	32i32
376	super::smallest_encompassing_power_of_two(32)	32i32
377	super::smallest_encompassing_power_of_two(1023)	1024i32
378	super::smallest_encompassing_power_of_two(1024)	1024i32
379	super::smallest_encompassing_power_of_two(2147483647)	-2147483648i32
380	super::smallest_encompassing_power_of_two(-2147483648)	-2147483648i32
381	super::smallest_encompassing_power_of_two(-1)	0i32
382	super::smallest_encompassing_power_of_two(-2)	0i32
383	super::is_power_of_two(0i32)	false
384	super::is_power_of_two(1i32)	true
385	super::is_power_of_two(2i32)	true
386	super::is_power_of_two(3i32)	false
387	super::is_power_of_two(4i32)	true
388	super::is_power_of_two(7i32)	false
389	super::is_power_of_two(8i32)	true
390	super::is_power_of_two(9i32)	false
391	super::is_power_of_two(1024i32)	true
392	super::is_power_of_two(-2147483648i32)	true
393	super::is_power_of_two(-1i32)	false
394	super::is_power_of_two(-2i32)	false
395	super::is_power_of_two_i64(0i64)	false
396	super::is_power_of_two_i64(1i64)	true
397	super::is_power_of_two_i64(2i64)	true
398	super::is_power_of_two_i64(3i64)	false
399	super::is_power_of_two_i64(4i64)	true
400	super::is_power_of_two_i64(7i64)	false
401	super::is_power_of_two_i64(8i64)	true
402	super::is_power_of_two_i64(9i64)	false
403	super::is_power_of_two_i64(1024i64)	true
404	super::is_power_of_two_i64(-9223372036854775808i64)	true
405	super::is_power_of_two_i64(-1i64)	false
406	super::is_power_of_two_i64(4611686018427387904i64)	true
407	super::is_power_of_two_i64(-9223372036854775808i64)	true
408	super::ceillog2(0)	0i32
409	super::ceillog2(1)	0i32
410	super::ceillog2(2)	1i32
411	super::ceillog2(3)	2i32
412	super::ceillog2(4)	2i32
413	super::ceillog2(5)	3i32
414	super::ceillog2(8)	3i32
415	super::ceillog2(9)	4i32
416	super::ceillog2(16)	4i32
417	super::ceillog2(17)	5i32
418	super::ceillog2(1023)	10i32
419	super::ceillog2(1024)	10i32
420	super::ceillog2(1025)	11i32
421	super::ceillog2(2147483647)	31i32
422	super::ceillog2(-2147483648)	31i32
423	super::ceillog2(7)	3i32
424	super::ceillog2(6)	3i32
425	super::log2(0)	-1i32
426	super::log2(1)	0i32
427	super::log2(2)	1i32
428	super::log2(3)	1i32
429	super::log2(4)	2i32
430	super::log2(5)	2i32
431	super::log2(8)	3i32
432	super::log2(9)	3i32
433	super::log2(16)	4i32
434	super::log2(17)	4i32
435	super::log2(1023)	9i32
436	super::log2(1024)	10i32
437	super::log2(1025)	10i32
438	super::log2(2147483647)	30i32
439	super::log2(-2147483648)	31i32
440	super::log2(7)	2i32
441	super::log2(6)	2i32
442	super::frac(1.5f32).to_bits()	0x3f000000
443	super::frac(-1.5f32).to_bits()	0x3f000000
444	super::frac(0.5f32).to_bits()	0x3f000000
445	super::frac(-0.5f32).to_bits()	0x3f000000
446	super::frac(3.9f32).to_bits()	0x3f666668
447	super::frac(-3.9f32).to_bits()	0x3dccccc0
448	super::frac(0.0f32).to_bits()	0x00000000
449	super::frac(-0.0f32).to_bits()	0x80000000
450	super::frac(f32::NAN).to_bits()	0x7fc00000
451	super::frac_f64(1.5).to_bits()	0x3fe0000000000000
452	super::frac_f64(-1.5).to_bits()	0x3fe0000000000000
453	super::frac_f64(0.5).to_bits()	0x3fe0000000000000
454	super::frac_f64(-0.5).to_bits()	0x3fe0000000000000
455	super::frac_f64(3.9).to_bits()	0x3feccccccccccccc
456	super::frac_f64(-3.9).to_bits()	0x3fb99999999999a0
457	super::frac_f64(0.0).to_bits()	0x0000000000000000
458	super::frac_f64(-0.0).to_bits()	0x8000000000000000
459	super::frac_f64(f64::NAN).to_bits()	0x7ff8000000000000
460	super::frac_f64(1.0E20).to_bits()	0x4413af1d78b58c40
461	super::frac_f64(-1.0E20).to_bits()	0xc413af1d78b58c40
462	super::get_seed(1, 2, 3)	-33674130277896i64
463	super::get_seed(0, 0, 0)	0i64
464	super::get_seed(-1, 1, -1)	60311958971344i64
465	super::get_seed(2147483647, -2147483648, 0)	133076631896896i64
466	super::get_seed(7, 7, 7)	-35564658949879i64
467	super::get_seed(12345, -9876, 55555)	58516538991611i64
468	super::murmur_hash3_mixer(0)	0i32
469	super::murmur_hash3_mixer(1)	1364076727i32
470	super::murmur_hash3_mixer(-1)	-2114883783i32
471	super::murmur_hash3_mixer(2147483647)	-104067416i32
472	super::murmur_hash3_mixer(-2147483648)	1832674720i32
473	super::murmur_hash3_mixer(12345)	1011272156i32
474	super::murmur_hash3_mixer(-12345)	-413722947i32
475	super::murmur_hash3_mixer(987654321)	1443973408i32
476	super::positive_modulo(7, 3)	1i32
477	super::positive_modulo(-7, 3)	2i32
478	super::positive_modulo(7, -3)	-2i32
479	super::positive_modulo(-7, -3)	-1i32
480	super::positive_modulo(-2147483648, 3)	1i32
481	super::positive_modulo(2147483647, 2)	1i32
482	super::positive_modulo(0, 5)	0i32
483	super::positive_modulo(-1, 5)	4i32
484	super::positive_modulo(-6, 5)	4i32
485	super::positive_modulo(6, 5)	1i32
486	super::floor_div(7, 3)	2i32
487	super::floor_div(-7, 3)	-3i32
488	super::floor_div(7, -3)	-3i32
489	super::floor_div(-7, -3)	2i32
490	super::floor_div(-2147483648, 3)	-715827883i32
491	super::floor_div(2147483647, 2)	1073741823i32
492	super::floor_div(0, 5)	0i32
493	super::floor_div(-1, 5)	-1i32
494	super::floor_div(-6, 5)	-2i32
495	super::floor_div(6, 5)	1i32
496	super::is_multiple_of(7, 3)	false
497	super::is_multiple_of(-7, 3)	false
498	super::is_multiple_of(7, -3)	false
499	super::is_multiple_of(-7, -3)	false
500	super::is_multiple_of(-2147483648, 3)	false
501	super::is_multiple_of(2147483647, 2)	false
502	super::is_multiple_of(0, 5)	true
503	super::is_multiple_of(-1, 5)	false
504	super::is_multiple_of(-6, 5)	false
505	super::is_multiple_of(6, 5)	false
506	super::positive_modulo_f32(7.5f32, 3.0f32).to_bits()	0x3fc00000
507	super::positive_modulo_f32(-7.5f32, 3.0f32).to_bits()	0x3fc00000
508	super::positive_modulo_f32(7.5f32, -3.0f32).to_bits()	0xbfc00000
509	super::positive_modulo_f32(-7.5f32, -3.0f32).to_bits()	0xbfc00000
510	super::positive_modulo_f32(0.0f32, 3.0f32).to_bits()	0x00000000
511	super::positive_modulo_f32(-0.0f32, 3.0f32).to_bits()	0x00000000
512	super::positive_modulo_f64(7.5, 3.0).to_bits()	0x3ff8000000000000
513	super::positive_modulo_f64(-7.5, 3.0).to_bits()	0x3ff8000000000000
514	super::positive_modulo_f64(7.5, -3.0).to_bits()	0xbff8000000000000
515	super::positive_modulo_f64(-7.5, -3.0).to_bits()	0xbff8000000000000
516	super::positive_modulo_f64(0.0, 3.0).to_bits()	0x0000000000000000
517	super::positive_modulo_f64(-0.0, 3.0).to_bits()	0x0000000000000000
518	super::pack_degrees(0.0f32)	0
519	super::pack_degrees(45.0f32)	32
520	super::pack_degrees(90.0f32)	64
521	super::pack_degrees(180.0f32)	-128
522	super::pack_degrees(270.0f32)	-64
523	super::pack_degrees(359.0f32)	-1
524	super::pack_degrees(-45.0f32)	-32
525	super::pack_degrees(-90.0f32)	-64
526	super::pack_degrees(-180.0f32)	-128
527	super::pack_degrees(-270.0f32)	64
528	super::pack_degrees(360.0f32)	0
529	super::pack_degrees(720.0f32)	0
530	super::pack_degrees(f32::NAN)	0
531	super::pack_degrees(1.0f32)	0
532	super::pack_degrees(-1.0f32)	-1
533	super::unpack_degrees(0).to_bits()	0x00000000
534	super::unpack_degrees(45).to_bits()	0x427d2000
535	super::unpack_degrees(90).to_bits()	0x42fd2000
536	super::unpack_degrees(-1).to_bits()	0xbfb40000
537	super::unpack_degrees(-90).to_bits()	0xc2fd2000
538	super::unpack_degrees(-128).to_bits()	0xc3340000
539	super::unpack_degrees(127).to_bits()	0x43329800
540	super::unpack_degrees(1).to_bits()	0x3fb40000
541	super::unpack_degrees(-2).to_bits()	0xc0340000
542	super::atan2(0.0, 0.0).to_bits()	0x0000000000000000
543	super::atan2(0.0, 1.0).to_bits()	0x0000000000000000
544	super::atan2(1.0, 0.0).to_bits()	0x3ff921fb54442d18
545	super::atan2(-1.0, 0.0).to_bits()	0xbff921fb54442d18
546	super::atan2(0.0, -1.0).to_bits()	0x400921fb54442d18
547	super::atan2(1.0, 1.0).to_bits()	0x3fe921fb45e6d12f
548	super::atan2(-1.0, -1.0).to_bits()	0xc002d97c82ca78cc
549	super::atan2(1.0, -1.0).to_bits()	0x4002d97c82ca78cc
550	super::atan2(-1.0, 1.0).to_bits()	0xbfe921fb45e6d12f
551	super::atan2(3.0, 4.0).to_bits()	0x3fe497861c1ebb2e
552	super::atan2(4.0, 3.0).to_bits()	0x3fedac708c699f02
553	super::atan2(0.1, 0.2).to_bits()	0x3fddac64ca13863b
554	super::atan2(-0.1, 0.2).to_bits()	0xbfddac64ca13863b
555	super::atan2(0.1, -0.2).to_bits()	0x40056c6ebb01bc51
556	super::atan2(-0.1, -0.2).to_bits()	0xc0056c6ebb01bc51
557	super::atan2(f64::NAN, 1.0).to_bits()	0x7ff8000000000000
558	super::atan2(1.0, f64::NAN).to_bits()	0x7ff8000000000000
559	super::atan2(f64::INFINITY, 1.0).to_bits()	0x7ff0000000000000
560	super::atan2(1.0, f64::INFINITY).to_bits()	0xfff0000000000000
561	super::atan2(1.7976931348623157E308, 4.9E-324).to_bits()	0x7ff0000000000000
562	super::atan2(1.0E300, 1.0E300).to_bits()	0xfff0000000000000
563	super::atan2(1.0E-300, 1.0E-300).to_bits()	0x21a705f2fc84defa
564	super::atan2(12345.678, 98765.432).to_bits()	0x3fbfd5d00b34bc34
565	super::atan2(0.5, 0.5).to_bits()	0x3fe921fb45e6d12f
566	super::atan2(-0.5, 0.5).to_bits()	0xbfe921fb45e6d12f
567	super::atan2(0.5, -0.5).to_bits()	0x4002d97c82ca78cc
568	super::atan2(-0.5, -0.5).to_bits()	0xc002d97c82ca78cc
569	super::atan2(0.9, 0.1).to_bits()	0x3ff75cbae9ec4fce
570	super::atan2(0.1, 0.9).to_bits()	0x3fbc5406a57dd4a5
571	super::atan2(10.0, 1.0).to_bits()	0x3ff789c03d6f94c5
572	super::atan2(1.0, 10.0).to_bits()	0x3fb983b16d49852c
573	super::atan2(-10.0, 1.0).to_bits()	0xbff789c03d6f94c5
574	super::atan2(1.0, -10.0).to_bits()	0x400855ddc8d9e0ef
575	super::atan2(1000.0, -0.001).to_bits()	0x3ff921fc603f3633
576	super::atan2(-0.001, 1000.0).to_bits()	0xbeb0bfb091b5fb84
577	super::atan2(0.0, f64::NEG_INFINITY).to_bits()	0x7ff8000000000000
578	super::atan2(f64::NEG_INFINITY, 0.0).to_bits()	0xfff8000000000000
579	super::inv_sqrt(0.25f32).to_bits()	0x40000000
580	super::inv_sqrt(2.0f32).to_bits()	0x3f3504f3
581	super::inv_sqrt(100.0f32).to_bits()	0x3dcccccd
582	super::inv_sqrt(1.0f32).to_bits()	0x3f800000
583	super::inv_sqrt(4.0f32).to_bits()	0x3f000000
584	super::inv_sqrt(3.4028235E38f32).to_bits()	0x1f800001
585	super::inv_sqrt(1.4E-45f32).to_bits()	0x64b504f3
586	super::inv_sqrt(0.0f32).to_bits()	0x7f800000
587	super::inv_sqrt(-1.0f32).to_bits()	0x7fc00000
588	super::inv_sqrt(f32::INFINITY).to_bits()	0x00000000
589	super::inv_sqrt_f64(0.25).to_bits()	0x4000000000000000
590	super::inv_sqrt_f64(2.0).to_bits()	0x3fe6a09e667f3bcc
591	super::inv_sqrt_f64(100.0).to_bits()	0x3fb999999999999a
592	super::inv_sqrt_f64(1.0).to_bits()	0x3ff0000000000000
593	super::inv_sqrt_f64(4.0).to_bits()	0x3fe0000000000000
594	super::inv_sqrt_f64(1.7976931348623157E308).to_bits()	0x1ff0000000000001
595	super::inv_sqrt_f64(4.9E-324).to_bits()	0x6180000000000000
596	super::inv_sqrt_f64(0.0).to_bits()	0x7ff0000000000000
597	super::inv_sqrt_f64(-1.0).to_bits()	0x7ff8000000000000
598	super::inv_sqrt_f64(1.0E-300).to_bits()	0x5f138d352e5096af
599	super::inv_sqrt_f64(f64::INFINITY).to_bits()	0x0000000000000000
600	super::fast_inv_sqrt(0.25).to_bits()	0x3ffff223eb08e347
601	super::fast_inv_sqrt(2.0).to_bits()	0x3fe69f2aee57a7ac
602	super::fast_inv_sqrt(100.0).to_bits()	0x3fb98f6d1f8767e4
603	super::fast_inv_sqrt(1.0).to_bits()	0x3feff223eb08e347
604	super::fast_inv_sqrt(4.0).to_bits()	0x3fdff223eb08e347
605	super::fast_inv_sqrt(1.7976931348623157E308).to_bits()	0x1feff223eb08e348
606	super::fast_inv_sqrt(4.9E-324).to_bits()	0x5ff1307c95c7e9c0
607	super::fast_inv_sqrt(0.0).to_bits()	0x5ff1307c95c7e9c0
608	super::fast_inv_sqrt(-1.0).to_bits()	0x7ff0000000000000
609	super::fast_inv_sqrt(1.0E-300).to_bits()	0x5f1384c08b81fb0b
610	super::fast_inv_sqrt(1.0E300).to_bits()	0x20ca26bf40fcf9ae
611	super::fast_inv_sqrt(0.5).to_bits()	0x3ff69f2aee57a7ac
612	super::fast_inv_sqrt(0.1).to_bits()	0x40094200d5218bb0
613	super::fast_inv_sqrt(12345.678).to_bits()	0x3f826ab1bcf1c727
614	super::fast_inv_sqrt(f64::NAN).to_bits()	0x7ff8000000000000
615	super::fast_inv_cube_root(1.0f32).to_bits()	0x3f800008
616	super::fast_inv_cube_root(8.0f32).to_bits()	0x3f000008
617	super::fast_inv_cube_root(27.0f32).to_bits()	0x3eaaaab7
618	super::fast_inv_cube_root(0.5f32).to_bits()	0x3fa14518
619	super::fast_inv_cube_root(100.0f32).to_bits()	0x3e5c9d38
620	super::fast_inv_cube_root(0.0f32).to_bits()	0x7fc00000
621	super::fast_inv_cube_root(2.0f32).to_bits()	0x3f4b2ff6
622	super::fast_inv_cube_root(3.4028235E38f32).to_bits()	0x2a214518
623	super::fast_inv_cube_root(1.4E-45f32).to_bits()	0x5e8c5c5f
624	super::fast_inv_cube_root(-8.0f32).to_bits()	0x6910deb6
625	super::fast_inv_cube_root(-1.0f32).to_bits()	0x6990deb6
626	super::fast_inv_cube_root(f32::NAN).to_bits()	0x7fc00000
627	super::fast_inv_cube_root(f32::INFINITY).to_bits()	0x2990deb6
628	super::hsv_to_argb(0.0f32, 1.0f32, 1.0f32, 0)	16711680i32
629	super::hsv_to_argb(0.5f32, 1.0f32, 1.0f32, 0)	65535i32
630	super::hsv_to_argb(0.33f32, 0.5f32, 0.7f32, 0)	6009433i32
631	super::hsv_to_argb(1.0f32, 1.0f32, 1.0f32, 0)	16776960i32
632	super::hsv_to_argb(0.25f32, 1.0f32, 1.0f32, 0)	8388352i32
633	super::hsv_to_argb(0.75f32, 1.0f32, 1.0f32, 0)	8323327i32
634	super::hsv_to_argb(0.0f32, 0.0f32, 1.0f32, 0)	16777215i32
635	super::hsv_to_argb(0.0f32, 1.0f32, 0.0f32, 0)	0i32
636	super::hsv_to_argb(0.08333f32, 1.0f32, 1.0f32, 0)	16744192i32
637	super::hsv_to_argb(0.16666f32, 1.0f32, 1.0f32, 0)	16776704i32
638	super::hsv_to_argb(0.41666f32, 1.0f32, 1.0f32, 0)	65407i32
639	super::hsv_to_argb(0.58333f32, 1.0f32, 1.0f32, 0)	32767i32
640	super::hsv_to_argb(0.83333f32, 1.0f32, 1.0f32, 0)	16646399i32
641	super::hsv_to_argb(0.91666f32, 1.0f32, 1.0f32, 0)	16711807i32
642	super::hsv_to_argb(0.5f32, 0.5f32, 0.5f32, 0)	4161407i32
643	super::hsv_to_argb(0.123f32, 0.456f32, 0.789f32, 0)	13218157i32
644	super::hsv_to_argb(6.0f32, 1.0f32, 1.0f32, 0)	16776960i32
645	super::hsv_to_argb(0.0f32, 1.0f32, 1.0f32, 0)	16711680i32
646	super::hsv_to_argb(0.5, 1.0, 1.0, 128)	-2147418113i32
647	super::hsv_to_argb(0.33, 0.5, 0.7, 255)	-10767783i32
648	super::hsv_to_rgb(0.5, 1.0, 1.0)	65535i32
649	super::catmullrom(0.5, 0.0, 1.0, 2.0, 3.0).to_bits()	0x3fc00000
650	super::catmullrom(0.0, 0.0, 1.0, 2.0, 3.0).to_bits()	0x3f800000
651	super::catmullrom(1.0, 0.0, 1.0, 2.0, 3.0).to_bits()	0x40000000
652	super::smoothstep(0.0).to_bits()	0x0000000000000000
653	super::smoothstep(0.5).to_bits()	0x3fe0000000000000
654	super::smoothstep(1.0).to_bits()	0x3ff0000000000000
655	super::smoothstep(-0.5).to_bits()	0xc003000000000000
656	super::smoothstep(2.0).to_bits()	0x4040000000000000
657	super::smoothstep(f64::NAN).to_bits()	0x7ff8000000000000
658	super::smoothstep_derivative(0.0).to_bits()	0x0000000000000000
659	super::smoothstep_derivative(0.5).to_bits()	0x3ffe000000000000
660	super::smoothstep_derivative(1.0).to_bits()	0x0000000000000000
661	super::smoothstep_derivative(-0.5).to_bits()	0x4030e00000000000
662	super::smoothstep_derivative(2.0).to_bits()	0x405e000000000000
663	super::sign(0.0)	0i32
664	super::sign(-0.0)	0i32
665	super::sign(1.0)	1i32
666	super::sign(-1.0)	-1i32
667	super::sign(0.5)	1i32
668	super::sign(-0.5)	-1i32
669	super::sign(f64::NAN)	-1i32
670	super::sign(f64::INFINITY)	1i32
671	super::rot_lerp(0.5, 10.0, 350.0).to_bits()	0x00000000
672	super::rot_lerp(0.5, 350.0, 10.0).to_bits()	0x43b40000
673	super::rot_lerp_f64(0.5, 10.0, 350.0).to_bits()	0x0000000000000000
674	super::rot_lerp_rad(0.5, 0.0, 3.5).to_bits()	0xbfb21fb6
675	super::rot_lerp_rad(0.5, 0.0, -3.5).to_bits()	0x3fb21fb6
676	super::rot_lerp_rad(0.5, 1.0, 1.0 + 6.3).to_bits()	0x3f81137e
677	super::triangle_wave(1.0, 4.0).to_bits()	0x00000000
678	super::triangle_wave(2.0, 4.0).to_bits()	0xbf800000
679	super::triangle_wave(3.0, 4.0).to_bits()	0x00000000
680	super::triangle_wave(4.0, 4.0).to_bits()	0x3f800000
681	super::triangle_wave(-1.0, 4.0).to_bits()	0x40000000
682	super::square_i32(5)	25i32
683	super::square_i32(-5)	25i32
684	super::square_i64(3037000499i64)	9223372030926249001i64
685	super::square_i64(-3037000499i64)	9223372030926249001i64
686	super::square_f32(1.5).to_bits()	0x40100000
687	super::cube(2.0).to_bits()	0x41000000
688	super::square_f64(1.5).to_bits()	0x4002000000000000
689	super::clamped_map(5.0, 0.0, 10.0, 100.0, 200.0).to_bits()	0x4062c00000000000
690	super::map(5.0, 0.0, 10.0, 100.0, 200.0).to_bits()	0x4062c00000000000
691	super::inverse_lerp(5.0, 0.0, 10.0).to_bits()	0x3fe0000000000000
692	super::clamped_map(-5.0, 0.0, 10.0, 100.0, 200.0).to_bits()	0x4059000000000000
693	super::map(-5.0, 0.0, 10.0, 100.0, 200.0).to_bits()	0x4049000000000000
694	super::inverse_lerp(-5.0, 0.0, 10.0).to_bits()	0xbfe0000000000000
695	super::clamped_map(15.0, 0.0, 10.0, 100.0, 200.0).to_bits()	0x4069000000000000
696	super::map(15.0, 0.0, 10.0, 100.0, 200.0).to_bits()	0x406f400000000000
697	super::inverse_lerp(15.0, 0.0, 10.0).to_bits()	0x3ff8000000000000
698	super::clamped_map(5.0, 10.0, 0.0, 100.0, 200.0).to_bits()	0x4062c00000000000
699	super::map(5.0, 10.0, 0.0, 100.0, 200.0).to_bits()	0x4062c00000000000
700	super::inverse_lerp(5.0, 10.0, 0.0).to_bits()	0x3fe0000000000000
701	super::clamped_map_f32(5.0f32, 0.0f32, 10.0f32, 100.0f32, 200.0f32).to_bits()	0x43160000
702	super::map_f32(5.0f32, 0.0f32, 10.0f32, 100.0f32, 200.0f32).to_bits()	0x43160000
703	super::clamped_map_f32(-5.0f32, 0.0f32, 10.0f32, 100.0f32, 200.0f32).to_bits()	0x42c80000
704	super::map_f32(-5.0f32, 0.0f32, 10.0f32, 100.0f32, 200.0f32).to_bits()	0x42480000
705	super::clamped_map_f32(15.0f32, 0.0f32, 10.0f32, 100.0f32, 200.0f32).to_bits()	0x43480000
706	super::map_f32(15.0f32, 0.0f32, 10.0f32, 100.0f32, 200.0f32).to_bits()	0x437a0000
707	super::length_squared(3.0, 4.0).to_bits()	0x4039000000000000
708	super::length(3.0, 4.0).to_bits()	0x4014000000000000
709	super::length_f32(3.0, 4.0).to_bits()	0x40a00000
710	super::length_f32(1.0E20f32, 1.0f32).to_bits()	0x60ad78ec
711	super::length_f32(1.0000007f32, 1.5000008f32).to_bits()	0x3fe6c163
712	super::length_squared_xyz(1.0, 2.0, 2.0).to_bits()	0x4022000000000000
713	super::length_xyz(1.0, 2.0, 2.0).to_bits()	0x4008000000000000
714	super::length_squared_xyz_f32(1.0, 2.0, 2.0).to_bits()	0x41100000
715	super::quantize(7.5, 4)	4i32
716	super::quantize(-7.5, 4)	-8i32
717	super::quantize(100.0, 16)	96i32
718	super::quantize(-100.0, 16)	-112i32
719	super::positive_ceil_div(7, 3)	3i32
720	super::round_toward(7, 3)	9i32
721	super::positive_ceil_div(-7, 3)	-2i32
722	super::round_toward(-7, 3)	-6i32
723	super::positive_ceil_div(7, -3)	-2i32
724	super::round_toward(7, -3)	6i32
725	super::positive_ceil_div(-7, -3)	3i32
726	super::round_toward(-7, -3)	-9i32
727	super::positive_ceil_div(0, 5)	0i32
728	super::round_toward(0, 5)	0i32
729	super::positive_ceil_div(-2147483648, 2)	1073741824i32
730	super::round_toward(-2147483648, 2)	-2147483648i32
731	super::positive_ceil_div(2147483647, 3)	715827883i32
732	super::round_toward(2147483647, 3)	-2147483647i32
733	super::positive_ceil_div(5, 5)	1i32
734	super::round_toward(5, 5)	5i32
735	super::positive_ceil_div(-5, 5)	-1i32
736	super::round_toward(-5, 5)	-5i32
737	super::positive_ceil_div_i64(7i64, 3i64)	3i64
738	super::round_toward_i64(7i64, 3i64)	9i64
739	super::positive_ceil_div_i64(-7i64, 3i64)	-2i64
740	super::round_toward_i64(-7i64, 3i64)	-6i64
741	super::positive_ceil_div_i64(7i64, -3i64)	-2i64
742	super::round_toward_i64(7i64, -3i64)	6i64
743	super::positive_ceil_div_i64(-7i64, -3i64)	3i64
744	super::round_toward_i64(-7i64, -3i64)	-9i64
745	super::positive_ceil_div_i64(-9223372036854775808i64, 2i64)	4611686018427387904i64
746	super::round_toward_i64(-9223372036854775808i64, 2i64)	-9223372036854775808i64
747	super::positive_ceil_div_i64(9223372036854775807i64, 3i64)	3074457345618258603i64
748	super::round_toward_i64(9223372036854775807i64, 3i64)	-9223372036854775807i64
749	super::positive_ceil_div_i64(5i64, 5i64)	1i64
750	super::round_toward_i64(5i64, 5i64)	5i64
751	r1.next_int()	-1155869325i32
752	r1.next_int()	431529176i32
753	r1.next_int()	1761283695i32
754	r1.next_int()	1749940626i32
755	r1.next_int()	892128508i32
756	r1.next_int()	155629808i32
757	r1.next_int()	1429008869i32
758	r1.next_int()	-1465154083i32
759	r1.next_int_bound(100)	78i32
760	r1.next_int_bound(100)	48i32
761	r1.next_int_bound(100)	69i32
762	r1.next_int_bound(100)	73i32
763	r1.next_int_bound(100)	17i32
764	r1.next_int_bound(5)	3i32
765	r1.next_int_bound(5)	2i32
766	r1.next_int_bound(5)	4i32
767	r1.next_int_bound(5)	2i32
768	r1.next_int_bound(5)	2i32
769	r1.next_float().to_bits()	0x3f6fe49d
770	r1.next_float().to_bits()	0x3ef96384
771	r1.next_float().to_bits()	0x3ecb5a6e
772	r1.next_float().to_bits()	0x3f69f978
773	r1.next_float().to_bits()	0x3eb1ede2
774	r1.next_double().to_bits()	0x3fc4653d00000000
775	r1.next_double().to_bits()	0x3fd79dbce0000000
776	r1.next_double().to_bits()	0x3feba9ae40000000
777	r1.next_double().to_bits()	0x3fe1419d80000000
778	r1.next_double().to_bits()	0x3fe2aad5c0000000
779	r1.next_long()	780266760877150279i64
780	r1.next_long()	-4396325885451314877i64
781	r1.next_long()	-6936482374120670025i64
782	r1.next_long()	-2227205230235739057i64
783	r1.next_long()	8305063674006169674i64
784	r1.next_boolean()	false
785	r1.next_boolean()	false
786	r1.next_boolean()	true
787	r1.next_boolean()	true
788	r1.next_boolean()	false
789	r1.next_gaussian().to_bits()	0x3fdb4bc679e68cf4
790	r1.next_gaussian().to_bits()	0xbfe406477a919a7f
791	r1.next_gaussian().to_bits()	0xbff292e9cfcec7de
792	r1.next_gaussian().to_bits()	0x4006a55727d633c9
793	r1.next_gaussian().to_bits()	0x3fd6bffeb657b36f
794	r1.triangle_f64(1.0, 2.0).to_bits()	0x3ffe0979c8000000
795	r1.triangle_f64(1.0, 2.0).to_bits()	0x3fe660850b000000
796	r1.triangle_f64(1.0, 2.0).to_bits()	0x3fd19ec540000000
797	r1.triangle_f64(1.0, 2.0).to_bits()	0x4003a78e9c000000
798	r1.triangle_f64(1.0, 2.0).to_bits()	0x3ff5a95198000000
799	r1.next_int_between_inclusive(10, 20)	18i32
800	r1.next_int_between_inclusive(10, 20)	20i32
801	r1.next_int_between_inclusive(10, 20)	20i32
802	r42.next_int()	-1170105035i32
803	r42.next_int()	234785527i32
804	r42.next_int()	-1360544799i32
805	r42.next_int()	205897768i32
806	r42.next_int()	1325939940i32
807	r42.next_int()	-248792245i32
808	r42.next_int()	1190043011i32
809	r42.next_int()	-1255373459i32
810	r42.next_int_bound(100)	19i32
811	r42.next_int_bound(100)	93i32
812	r42.next_int_bound(100)	82i32
813	r42.next_int_bound(100)	2i32
814	r42.next_int_bound(100)	76i32
815	r42.next_int_bound(5)	2i32
816	r42.next_int_bound(5)	1i32
817	r42.next_int_bound(5)	2i32
818	r42.next_int_bound(5)	1i32
819	r42.next_int_bound(5)	0i32
820	r42.next_float().to_bits()	0x3f486c40
821	r42.next_float().to_bits()	0x3f7f88a1
822	r42.next_float().to_bits()	0x3f6b5910
823	r42.next_float().to_bits()	0x3e1b9af0
824	r42.next_float().to_bits()	0x3edf7bbe
825	r42.next_double().to_bits()	0x3fdc25ae20000000
826	r42.next_double().to_bits()	0x3fedc7bb00000000
827	r42.next_double().to_bits()	0x3fe98b9060000000
828	r42.next_double().to_bits()	0x3fc34523e0000000
829	r42.next_double().to_bits()	0x3fd5a6d660000000
830	r42.next_long()	4623885210859241458i64
831	r42.next_long()	6736035388467870105i64
832	r42.next_long()	2926660232063067186i64
833	r42.next_long()	5057591690988349847i64
834	r42.next_long()	-6574010802050714786i64
835	r42.next_boolean()	false
836	r42.next_boolean()	true
837	r42.next_boolean()	false
838	r42.next_boolean()	true
839	r42.next_boolean()	true
840	r42.next_gaussian().to_bits()	0xbfd1b79c94791c2a
841	r42.next_gaussian().to_bits()	0xbfb57d066f4ea165
842	r42.next_gaussian().to_bits()	0x3ff417e442ae6000
843	r42.next_gaussian().to_bits()	0xbfd4d14503bb4c01
844	r42.next_gaussian().to_bits()	0xbfc62e607fda46c2
845	r42.triangle_f64(1.0, 2.0).to_bits()	0x3ff423c900000000
846	r42.triangle_f64(1.0, 2.0).to_bits()	0x3ff88f8c80000000
847	r42.triangle_f64(1.0, 2.0).to_bits()	0x3feb3cedc0000000
848	r42.triangle_f64(1.0, 2.0).to_bits()	0x3fef042800000000
849	r42.triangle_f64(1.0, 2.0).to_bits()	0x3fd2233a80000000
850	r42.next_int_between_inclusive(10, 20)	12i32
851	r42.next_int_between_inclusive(10, 20)	12i32
852	r42.next_int_between_inclusive(10, 20)	18i32
853	r123456789.next_int()	-1442945365i32
854	r123456789.next_int()	-1016548095i32
855	r123456789.next_int()	1962592967i32
856	r123456789.next_int()	1094656688i32
857	r123456789.next_int()	1677212580i32
858	r123456789.next_int()	930275108i32
859	r123456789.next_int()	-458096230i32
860	r123456789.next_int()	1827465615i32
861	r123456789.next_int_bound(100)	97i32
862	r123456789.next_int_bound(100)	87i32
863	r123456789.next_int_bound(100)	41i32
864	r123456789.next_int_bound(100)	61i32
865	r123456789.next_int_bound(100)	64i32
866	r123456789.next_int_bound(5)	2i32
867	r123456789.next_int_bound(5)	4i32
868	r123456789.next_int_bound(5)	1i32
869	r123456789.next_int_bound(5)	0i32
870	r123456789.next_int_bound(5)	4i32
871	r123456789.next_float().to_bits()	0x3e7ecd30
872	r123456789.next_float().to_bits()	0x3f22205f
873	r123456789.next_float().to_bits()	0x3e8c793c
874	r123456789.next_float().to_bits()	0x3f002291
875	r123456789.next_float().to_bits()	0x3f105f17
876	r123456789.next_double().to_bits()	0x3fda256d20000000
877	r123456789.next_double().to_bits()	0x3fee54c2e0000000
878	r123456789.next_double().to_bits()	0x3fe3155a60000000
879	r123456789.next_double().to_bits()	0x3fd12f08e0000000
880	r123456789.next_double().to_bits()	0x3fdefc4fc0000000
881	r123456789.next_long()	-9218142432141340534i64
882	r123456789.next_long()	8938299083908680542i64
883	r123456789.next_long()	2269987056764843472i64
884	r123456789.next_long()	-2395981303671479804i64
885	r123456789.next_long()	1542852440207316228i64
886	r123456789.next_boolean()	true
887	r123456789.next_boolean()	true
888	r123456789.next_boolean()	true
889	r123456789.next_boolean()	false
890	r123456789.next_boolean()	true
891	r123456789.next_gaussian().to_bits()	0x3ffaa1a40863febb
892	r123456789.next_gaussian().to_bits()	0x3fe33c4214958786
893	r123456789.next_gaussian().to_bits()	0xbffe23ba6997f903
894	r123456789.next_gaussian().to_bits()	0xbfd927895784aa68
895	r123456789.next_gaussian().to_bits()	0xbfff34e2d83a0b91
896	r123456789.triangle_f64(1.0, 2.0).to_bits()	0x4005664650000000
897	r123456789.triangle_f64(1.0, 2.0).to_bits()	0x3fefccd480000000
898	r123456789.triangle_f64(1.0, 2.0).to_bits()	0x3ff5fb6e30000000
899	r123456789.triangle_f64(1.0, 2.0).to_bits()	0x3fef8fa280000000
900	r123456789.triangle_f64(1.0, 2.0).to_bits()	0xbfdb97cfc0000000
901	r123456789.next_int_between_inclusive(10, 20)	14i32
902	r123456789.next_int_between_inclusive(10, 20)	15i32
903	r123456789.next_int_between_inclusive(10, 20)	20i32
904	rNEG1.next_int()	1155099827i32
905	rNEG1.next_int()	1887904451i32
906	rNEG1.next_int()	52699159i32
907	rNEG1.next_int()	-1941176418i32
908	rNEG1.next_int()	-1451336087i32
909	rNEG1.next_int()	-1714570420i32
910	rNEG1.next_int()	1788588954i32
911	rNEG1.next_int()	1714930956i32
912	rNEG1.next_int_bound(100)	65i32
913	rNEG1.next_int_bound(100)	31i32
914	rNEG1.next_int_bound(100)	8i32
915	rNEG1.next_int_bound(100)	12i32
916	rNEG1.next_int_bound(100)	17i32
917	rNEG1.next_int_bound(5)	1i32
918	rNEG1.next_int_bound(5)	2i32
919	rNEG1.next_int_bound(5)	0i32
920	rNEG1.next_int_bound(5)	4i32
921	rNEG1.next_int_bound(5)	2i32
922	rNEG1.next_float().to_bits()	0x3f0f2e80
923	rNEG1.next_float().to_bits()	0x3f3b456d
924	rNEG1.next_float().to_bits()	0x3f196703
925	rNEG1.next_float().to_bits()	0x3eb3d118
926	rNEG1.next_float().to_bits()	0x3f6e2493
927	rNEG1.next_double().to_bits()	0x3fdd127000000000
928	rNEG1.next_double().to_bits()	0x3fd578b9e0000000
929	rNEG1.next_double().to_bits()	0x3f67e6c960000000
930	rNEG1.next_double().to_bits()	0x3fc35fb0a0000000
931	rNEG1.next_double().to_bits()	0x3fe6368aa0000000
932	rNEG1.next_long()	1946119930767781179i64
933	rNEG1.next_long()	-5598838322766633025i64
934	rNEG1.next_long()	6472470557549166806i64
935	rNEG1.next_long()	5307374797520035014i64
936	rNEG1.next_long()	1590261952932679623i64
937	rNEG1.next_boolean()	true
938	rNEG1.next_boolean()	true
939	rNEG1.next_boolean()	false
940	rNEG1.next_boolean()	false
941	rNEG1.next_boolean()	true
942	rNEG1.next_gaussian().to_bits()	0xbfe16df531b2d58f
943	rNEG1.next_gaussian().to_bits()	0x3fe0311a5a30f323
944	rNEG1.next_gaussian().to_bits()	0xbff6b70d3db41fbc
945	rNEG1.next_gaussian().to_bits()	0xbff9a80cd6c66a19
946	rNEG1.next_gaussian().to_bits()	0xbfd60f65dc9659fc
947	rNEG1.triangle_f64(1.0, 2.0).to_bits()	0x3fe55f9330000000
948	rNEG1.triangle_f64(1.0, 2.0).to_bits()	0x3ff4a1bac0000000
949	rNEG1.triangle_f64(1.0, 2.0).to_bits()	0x4005442892800000
950	rNEG1.triangle_f64(1.0, 2.0).to_bits()	0x40034fbe50000000
951	rNEG1.triangle_f64(1.0, 2.0).to_bits()	0x40022c0084000000
952	rNEG1.next_int_between_inclusive(10, 20)	19i32
953	rNEG1.next_int_between_inclusive(10, 20)	19i32
954	rNEG1.next_int_between_inclusive(10, 20)	11i32
955	rNEG9223372036854775808.next_int()	-1155484576i32
956	rNEG9223372036854775808.next_int()	-723955400i32
957	rNEG9223372036854775808.next_int()	1033096058i32
958	rNEG9223372036854775808.next_int()	-1690734402i32
959	rNEG9223372036854775808.next_int()	-1557280266i32
960	rNEG9223372036854775808.next_int()	1327362106i32
961	rNEG9223372036854775808.next_int()	-1930858313i32
962	rNEG9223372036854775808.next_int()	502539523i32
963	rNEG9223372036854775808.next_int_bound(100)	19i32
964	rNEG9223372036854775808.next_int_bound(100)	54i32
965	rNEG9223372036854775808.next_int_bound(100)	77i32
966	rNEG9223372036854775808.next_int_bound(100)	77i32
967	rNEG9223372036854775808.next_int_bound(100)	73i32
968	rNEG9223372036854775808.next_int_bound(5)	2i32
969	rNEG9223372036854775808.next_int_bound(5)	0i32
970	rNEG9223372036854775808.next_int_bound(5)	4i32
971	rNEG9223372036854775808.next_int_bound(5)	4i32
972	rNEG9223372036854775808.next_int_bound(5)	0i32
973	rNEG9223372036854775808.next_float().to_bits()	0x3f70f5b4
974	rNEG9223372036854775808.next_float().to_bits()	0x3e343340
975	rNEG9223372036854775808.next_float().to_bits()	0x3e8cc6c4
976	rNEG9223372036854775808.next_float().to_bits()	0x3ea03924
977	rNEG9223372036854775808.next_float().to_bits()	0x3e03fd9c
978	rNEG9223372036854775808.next_double().to_bits()	0x3fd78cea40000000
979	rNEG9223372036854775808.next_double().to_bits()	0x3fe690caa0000000
980	rNEG9223372036854775808.next_double().to_bits()	0x3f56b828c0000000
981	rNEG9223372036854775808.next_double().to_bits()	0x3f82e47be0000000
982	rNEG9223372036854775808.next_double().to_bits()	0x3fe203af00000000
983	rNEG9223372036854775808.next_long()	4664870386390374308i64
984	rNEG9223372036854775808.next_long()	5274012497411174555i64
985	rNEG9223372036854775808.next_long()	275355961613117157i64
986	rNEG9223372036854775808.next_long()	-429849028627267071i64
987	rNEG9223372036854775808.next_long()	-5751058041584006506i64
988	rNEG9223372036854775808.next_boolean()	true
989	rNEG9223372036854775808.next_boolean()	true
990	rNEG9223372036854775808.next_boolean()	true
991	rNEG9223372036854775808.next_boolean()	true
992	rNEG9223372036854775808.next_boolean()	true
993	rNEG9223372036854775808.next_gaussian().to_bits()	0x3fd7d4517f1180e5
994	rNEG9223372036854775808.next_gaussian().to_bits()	0x3fd97377da512484
995	rNEG9223372036854775808.next_gaussian().to_bits()	0x3fb01d3638e3d2fe
996	rNEG9223372036854775808.next_gaussian().to_bits()	0x3fee20708fc3e4bd
997	rNEG9223372036854775808.next_gaussian().to_bits()	0x3fdc3b0b51c9c8c3
998	rNEG9223372036854775808.triangle_f64(1.0, 2.0).to_bits()	0x3ffeabcdf2c00000
999	rNEG9223372036854775808.triangle_f64(1.0, 2.0).to_bits()	0x3fdc8dd290000000
1000	rNEG9223372036854775808.triangle_f64(1.0, 2.0).to_bits()	0xbfa514ba00000000
1001	rNEG9223372036854775808.triangle_f64(1.0, 2.0).to_bits()	0x3ff362b900000000
1002	rNEG9223372036854775808.triangle_f64(1.0, 2.0).to_bits()	0x3ffddffec0000000
1003	rNEG9223372036854775808.next_int_between_inclusive(10, 20)	17i32
1004	rNEG9223372036854775808.next_int_between_inclusive(10, 20)	13i32
1005	rNEG9223372036854775808.next_int_between_inclusive(10, 20)	14i32
1006	r244837814047284.next_int()	-885268670i32
1007	r244837814047284.next_int()	1048203960i32
1008	r244837814047284.next_int()	-711164248i32
1009	r244837814047284.next_int()	2029955585i32
1010	r244837814047284.next_int()	970502513i32
1011	r244837814047284.next_int()	-299354617i32
1012	r244837814047284.next_int()	-2065049096i32
1013	r244837814047284.next_int()	2137960893i32
1014	r244837814047284.next_int_bound(100)	93i32
1015	r244837814047284.next_int_bound(100)	84i32
1016	r244837814047284.next_int_bound(100)	39i32
1017	r244837814047284.next_int_bound(100)	46i32
1018	r244837814047284.next_int_bound(100)	64i32
1019	r244837814047284.next_int_bound(5)	0i32
1020	r244837814047284.next_int_bound(5)	3i32
1021	r244837814047284.next_int_bound(5)	2i32
1022	r244837814047284.next_int_bound(5)	4i32
1023	r244837814047284.next_int_bound(5)	2i32
1024	r244837814047284.next_float().to_bits()	0x3f00dd9e
1025	r244837814047284.next_float().to_bits()	0x3f274dad
1026	r244837814047284.next_float().to_bits()	0x3ddb3370
1027	r244837814047284.next_float().to_bits()	0x3f78edbe
1028	r244837814047284.next_float().to_bits()	0x3f7f0bfc
1029	r244837814047284.next_double().to_bits()	0x3f9dfa5760000000
1030	r244837814047284.next_double().to_bits()	0x3fec8bcdc0000000
1031	r244837814047284.next_double().to_bits()	0x3fd24ad880000000
1032	r244837814047284.next_double().to_bits()	0x3fee3a07a0000000
1033	r244837814047284.next_double().to_bits()	0x3fd87c9b60000000
1034	r244837814047284.next_long()	-8658503656214245666i64
1035	r244837814047284.next_long()	7722813782141551780i64
1036	r244837814047284.next_long()	5968427110623386406i64
1037	r244837814047284.next_long()	5270872859802110971i64
1038	r244837814047284.next_long()	-7012647755091709195i64
1039	r244837814047284.next_boolean()	true
1040	r244837814047284.next_boolean()	false
1041	r244837814047284.next_boolean()	true
1042	r244837814047284.next_boolean()	true
1043	r244837814047284.next_boolean()	false
1044	r244837814047284.next_gaussian().to_bits()	0x3fea0dc18be1aac5
1045	r244837814047284.next_gaussian().to_bits()	0xbfeb326113ef8922
1046	r244837814047284.next_gaussian().to_bits()	0x3ff0950dee23f71f
1047	r244837814047284.next_gaussian().to_bits()	0x3ffe263181e013a0
1048	r244837814047284.next_gaussian().to_bits()	0x3fd7bdbc5c56242f
1049	r244837814047284.triangle_f64(1.0, 2.0).to_bits()	0xbfe5dc9ef0000000
1050	r244837814047284.triangle_f64(1.0, 2.0).to_bits()	0xbfd2f38108000000
1051	r244837814047284.triangle_f64(1.0, 2.0).to_bits()	0x4000e733e0000000
1052	r244837814047284.triangle_f64(1.0, 2.0).to_bits()	0x3fe9d70880000000
1053	r244837814047284.triangle_f64(1.0, 2.0).to_bits()	0x3fda0adf00000000
1054	r244837814047284.next_int_between_inclusive(10, 20)	13i32
1055	r244837814047284.next_int_between_inclusive(10, 20)	11i32
1056	r244837814047284.next_int_between_inclusive(10, 20)	16i32
1057	super::next_int(&mut r0, 3, 10)	8i32
1058	super::next_float(&mut r0, 1.0, 2.0).to_bits()	0x3fea6ca8
1059	super::next_double(&mut r0, 1.0, 2.0).to_bits()	0x3ff3d93cb8000000
1060	super::random_between_inclusive(&mut r0, 10, 30)	21i32
1061	super::random_between(&mut r0, 5.0, 10.0).to_bits()	0x40d172b6
1062	super::normal(&mut r0, 100.0, 5.0).to_bits()	0x42d34f45
1063	super::next_int(&mut r1, 3, 10)	8i32
1064	super::next_float(&mut r1, 1.0, 2.0).to_bits()	0x3f8cdc4e
1065	super::next_double(&mut r1, 1.0, 2.0).to_bits()	0x3ff68fb0e8000000
1066	super::random_between_inclusive(&mut r1, 10, 30)	30i32
1067	super::random_between(&mut r1, 5.0, 10.0).to_bits()	0x40a5cc33
1068	super::normal(&mut r1, 100.0, 5.0).to_bits()	0x42c7752c
1069	super::next_int(&mut r7, 3, 10)	8i32
1070	super::next_float(&mut r7, 1.0, 2.0).to_bits()	0x3fd1bb9a
1071	super::next_double(&mut r7, 1.0, 2.0).to_bits()	0x3ffbfc9940000000
1072	super::random_between_inclusive(&mut r7, 10, 30)	29i32
1073	super::random_between(&mut r7, 5.0, 10.0).to_bits()	0x40ee7f2e
1074	super::normal(&mut r7, 100.0, 5.0).to_bits()	0x42cdd6f3
1075	super::next_int(&mut r999, 3, 10)	8i32
1076	super::next_float(&mut r999, 1.0, 2.0).to_bits()	0x3ff36cb0
1077	super::next_double(&mut r999, 1.0, 2.0).to_bits()	0x3ffba242b0000000
1078	super::random_between_inclusive(&mut r999, 10, 30)	18i32
1079	super::random_between(&mut r999, 5.0, 10.0).to_bits()	0x40dcccf2
1080	super::normal(&mut r999, 100.0, 5.0).to_bits()	0x42beeac0
1081	super::wobble(1.0).to_bits()	0x3ff000000ac25f71
1082	super::wobble(0.0).to_bits()	0x3e58cccb1f4da321
1083	super::wobble(-1.0).to_bits()	0xbff000000ac610f8
1084	super::wobble(123.456).to_bits()	0x405edd2f1a8c2473
1085	super::wobble(-987.654).to_bits()	0xc08edd3b645dea5b
1086	super::wobble(3.0E-4).to_bits()	0x3f33a98d6381af98
1087	super::wobble(-3.0E-4).to_bits()	0xbf33a98d6d5c23ed
1088	super::create_insecure_uuid(&mut crate::random_source::SingleThreadedRandomSource::new( 1i64 )) .most	-4964420948893086504i64
1089	super::create_insecure_uuid(&mut crate::random_source::SingleThreadedRandomSource::new( 1i64 )) .least	-6270402184529184366i64
1090	super::create_insecure_uuid(&mut crate::random_source::SingleThreadedRandomSource::new( 42i64 )) .most	-5025562857975166217i64
1091	super::create_insecure_uuid(&mut crate::random_source::SingleThreadedRandomSource::new( 42i64 )) .least	-5843495416241995736i64
1092	super::binary_search(0, 10, |x| x * x > 50)	8i32
1093	super::binary_search(0, 10, |x| x >= 3)	3i32
1094	super::binary_search(0, 10, |x| x > 100)	10i32
1095	super::binary_search(0, 0, |x| x >= 0)	0i32
1096	super::binary_search(-10, 10, |x| x >= 0)	0i32
1097	super::out_from_origin(0, -3, 3).collect::<Vec<_>>()	vec![0, 1, -1, 2, -2, 3, -3]
1098	super::out_from_origin(0, 0, 5).collect::<Vec<_>>()	vec![0, 1, 2, 3, 4, 5]
1099	super::out_from_origin(10, 0, 20).collect::<Vec<_>>()	vec![ 10, 11, 9, 12, 8, 13, 7, 14, 6, 15, 5, 16, 4, 17, 3, 18, 2, 19, 1, 20, 0 ]
1100	super::out_from_origin(5, 0, 5).collect::<Vec<_>>()	vec![5, 4, 3, 2, 1, 0]
1101	super::out_from_origin(-5, 0, 10).collect::<Vec<_>>()	vec![0, 1, 2, 3, 4, 5, 6, 7, 8, 9, 10]
1102	super::out_from_origin(20, 0, 10).collect::<Vec<_>>()	vec![10, 9, 8, 7, 6, 5, 4, 3, 2, 1, 0]
1103	super::out_from_origin(0, 0, 1).collect::<Vec<_>>()	vec![0, 1]
1104	super::out_from_origin(7, 7, 7).collect::<Vec<_>>()	vec![7]
1105	super::out_from_origin(0, -10, -5).collect::<Vec<_>>()	vec![-5, -6, -7, -8, -9, -10]
1106	super::out_from_origin(3, 3, 9).collect::<Vec<_>>()	vec![3, 4, 5, 6, 7, 8, 9]
1107	super::out_from_origin_with_step(0, -5, 5, 2).collect::<Vec<_>>()	vec![0, 2, -2, 4, -4]
1108	super::out_from_origin_with_step(0, 0, 9, 3).collect::<Vec<_>>()	vec![0, 3, 6, 9]
1109	super::out_from_origin_with_step(5, 0, 20, 4).collect::<Vec<_>>()	vec![5, 9, 1, 13, 17]
1110	super::out_from_origin_with_step(0, 0, 5, 1).collect::<Vec<_>>()	vec![0, 1, 2, 3, 4, 5]
1111	super::out_from_origin_with_step(2, 0, 20, 2).collect::<Vec<_>>()	vec![2, 4, 0, 6, 8, 10, 12, 14, 16, 18, 20]
1112	super::ray_intersects_aabb( crate::mth_stubs::Vec3::new(1.0, 1.0, 1.0), crate::mth_stubs::Vec3::new(0.0, 0.0, 1.0), crate::mth_stubs::Aabb { min_x: 0.0, min_y: 0.0, min_z: 0.0, max_x: 2.0, max_y: 2.0, max_z: 2.0 } )	false
1113	super::ray_intersects_aabb( crate::mth_stubs::Vec3::new(0.0, 0.0, 0.0), crate::mth_stubs::Vec3::new(1.0, 0.0, 0.0), crate::mth_stubs::Aabb { min_x: 0.0, min_y: 0.0, min_z: 0.0, max_x: 2.0, max_y: 2.0, max_z: 2.0 } )	false
1114	super::ray_intersects_aabb( crate::mth_stubs::Vec3::new(5.0, 5.0, 5.0), crate::mth_stubs::Vec3::new(0.0, 0.0, 0.0), crate::mth_stubs::Aabb { min_x: 0.0, min_y: 0.0, min_z: 0.0, max_x: 2.0, max_y: 2.0, max_z: 2.0 } )	false
1115	super::ray_intersects_aabb( crate::mth_stubs::Vec3::new(1.0, 1.0, 1.0), crate::mth_stubs::Vec3::new(0.0, 0.0, -1.0), crate::mth_stubs::Aabb { min_x: 0.0, min_y: 0.0, min_z: 0.0, max_x: 2.0, max_y: 2.0, max_z: 2.0 } )	false
1116	super::ray_intersects_aabb( crate::mth_stubs::Vec3::new(-1.0, -1.0, -1.0), crate::mth_stubs::Vec3::new(1.0, 1.0, 1.0), crate::mth_stubs::Aabb { min_x: 0.0, min_y: 0.0, min_z: 0.0, max_x: 2.0, max_y: 2.0, max_z: 2.0 } )	true
1117	super::ray_intersects_aabb( crate::mth_stubs::Vec3::new(0.0, 0.0, 0.0), crate::mth_stubs::Vec3::new(-1.0, -1.0, -1.0), crate::mth_stubs::Aabb { min_x: 0.0, min_y: 0.0, min_z: 0.0, max_x: 2.0, max_y: 2.0, max_z: 2.0 } )	true
1118	super::ray_intersects_aabb( crate::mth_stubs::Vec3::new(2.0, 2.0, 2.0), crate::mth_stubs::Vec3::new(1.0, 0.0, 0.0), crate::mth_stubs::Aabb { min_x: 0.0, min_y: 0.0, min_z: 0.0, max_x: 2.0, max_y: 2.0, max_z: 2.0 } )	false
1119	super::ray_intersects_aabb( crate::mth_stubs::Vec3::new(0.0, 0.0, 0.0), crate::mth_stubs::Vec3::new(0.0, 0.0, 1.0), crate::mth_stubs::Aabb { min_x: 0.0, min_y: 0.0, min_z: 0.0, max_x: 2.0, max_y: 2.0, max_z: 2.0 } )	false
1120	super::ray_intersects_aabb( crate::mth_stubs::Vec3::new(1.0, 1.0, 1.0), crate::mth_stubs::Vec3::new(1.0, 1.0, 1.0), crate::mth_stubs::Aabb { min_x: 1.0, min_y: 1.0, min_z: 1.0, max_x: 3.0, max_y: 3.0, max_z: 3.0 } )	true
1121	super::ray_intersects_aabb( crate::mth_stubs::Vec3::new(1.0, 1.0, 1.0), crate::mth_stubs::Vec3::new(0.0, 0.0, -1.0), crate::mth_stubs::Aabb { min_x: 1.0, min_y: 1.0, min_z: 1.0, max_x: 3.0, max_y: 3.0, max_z: 3.0 } )	false
1122	super::ray_intersects_aabb( crate::mth_stubs::Vec3::new(3.0, 3.0, 3.0), crate::mth_stubs::Vec3::new(-1.0, -1.0, -1.0), crate::mth_stubs::Aabb { min_x: 1.0, min_y: 1.0, min_z: 1.0, max_x: 3.0, max_y: 3.0, max_z: 3.0 } )	true
1123	super::ray_intersects_aabb( crate::mth_stubs::Vec3::new(0.5, 0.5, 0.5), crate::mth_stubs::Vec3::new(1.0, 0.0, 0.0), crate::mth_stubs::Aabb { min_x: 1.0, min_y: 1.0, min_z: 1.0, max_x: 3.0, max_y: 3.0, max_z: 3.0 } )	false
1124	super::rotation_around_axis( crate::mth_stubs::Vec3f { x: 0.0f32, y: 1.0f32, z: 0.0f32 }, crate::mth_stubs::Quaternionf { x: 0.3f32, y: 0.4f32, z: 0.5f32, w: 0.6f32 } ) .x .to_bits()	0x00000000
1125	super::rotation_around_axis( crate::mth_stubs::Vec3f { x: 0.0f32, y: 1.0f32, z: 0.0f32 }, crate::mth_stubs::Quaternionf { x: 0.3f32, y: 0.4f32, z: 0.5f32, w: 0.6f32 } ) .y .to_bits()	0x3f0e00d5
1126	super::rotation_around_axis( crate::mth_stubs::Vec3f { x: 0.0f32, y: 1.0f32, z: 0.0f32 }, crate::mth_stubs::Quaternionf { x: 0.3f32, y: 0.4f32, z: 0.5f32, w: 0.6f32 } ) .z .to_bits()	0x00000000
1127	super::rotation_around_axis( crate::mth_stubs::Vec3f { x: 0.0f32, y: 1.0f32, z: 0.0f32 }, crate::mth_stubs::Quaternionf { x: 0.3f32, y: 0.4f32, z: 0.5f32, w: 0.6f32 } ) .w .to_bits()	0x3f550140
1128	super::rotation_around_axis( crate::mth_stubs::Vec3f { x: 1.0f32, y: 0.0f32, z: 0.0f32 }, crate::mth_stubs::Quaternionf { x: 0.1f32, y: 0.2f32, z: 0.3f32, w: 0.4f32 } ) .x .to_bits()	0x3e785b42
1129	super::rotation_around_axis( crate::mth_stubs::Vec3f { x: 1.0f32, y: 0.0f32, z: 0.0f32 }, crate::mth_stubs::Quaternionf { x: 0.1f32, y: 0.2f32, z: 0.3f32, w: 0.4f32 } ) .y .to_bits()	0x00000000
1130	super::rotation_around_axis( crate::mth_stubs::Vec3f { x: 1.0f32, y: 0.0f32, z: 0.0f32 }, crate::mth_stubs::Quaternionf { x: 0.1f32, y: 0.2f32, z: 0.3f32, w: 0.4f32 } ) .z .to_bits()	0x00000000
1131	super::rotation_around_axis( crate::mth_stubs::Vec3f { x: 1.0f32, y: 0.0f32, z: 0.0f32 }, crate::mth_stubs::Quaternionf { x: 0.1f32, y: 0.2f32, z: 0.3f32, w: 0.4f32 } ) .w .to_bits()	0x3f785b42
1132	super::rotation_around_axis( crate::mth_stubs::Vec3f { x: 0.0f32, y: 0.0f32, z: 1.0f32 }, crate::mth_stubs::Quaternionf { x: 0.9f32, y: 0.8f32, z: 0.7f32, w: 0.6f32 } ) .x .to_bits()	0x00000000
1133	super::rotation_around_axis( crate::mth_stubs::Vec3f { x: 0.0f32, y: 0.0f32, z: 1.0f32 }, crate::mth_stubs::Quaternionf { x: 0.9f32, y: 0.8f32, z: 0.7f32, w: 0.6f32 } ) .y .to_bits()	0x00000000
1134	super::rotation_around_axis( crate::mth_stubs::Vec3f { x: 0.0f32, y: 0.0f32, z: 1.0f32 }, crate::mth_stubs::Quaternionf { x: 0.9f32, y: 0.8f32, z: 0.7f32, w: 0.6f32 } ) .z .to_bits()	0x3f425ea4
1135	super::rotation_around_axis( crate::mth_stubs::Vec3f { x: 0.0f32, y: 0.0f32, z: 1.0f32 }, crate::mth_stubs::Quaternionf { x: 0.9f32, y: 0.8f32, z: 0.7f32, w: 0.6f32 } ) .w .to_bits()	0x3f269a44
1136	super::rotation_around_axis( crate::mth_stubs::Vec3f { x: 1.0f32, y: 1.0f32, z: 0.0f32 }, crate::mth_stubs::Quaternionf { x: 0.0f32, y: 0.0f32, z: 0.0f32, w: 1.0f32 } ) .x .to_bits()	0x00000000
1137	super::rotation_around_axis( crate::mth_stubs::Vec3f { x: 1.0f32, y: 1.0f32, z: 0.0f32 }, crate::mth_stubs::Quaternionf { x: 0.0f32, y: 0.0f32, z: 0.0f32, w: 1.0f32 } ) .y .to_bits()	0x00000000
1138	super::rotation_around_axis( crate::mth_stubs::Vec3f { x: 1.0f32, y: 1.0f32, z: 0.0f32 }, crate::mth_stubs::Quaternionf { x: 0.0f32, y: 0.0f32, z: 0.0f32, w: 1.0f32 } ) .z .to_bits()	0x00000000
1139	super::rotation_around_axis( crate::mth_stubs::Vec3f { x: 1.0f32, y: 1.0f32, z: 0.0f32 }, crate::mth_stubs::Quaternionf { x: 0.0f32, y: 0.0f32, z: 0.0f32, w: 1.0f32 } ) .w .to_bits()	0x3f800000
1140	super::rotation_around_axis( crate::mth_stubs::Vec3f { x: 0.0f32, y: 0.0f32, z: 0.0f32 }, crate::mth_stubs::Quaternionf { x: 0.5f32, y: 0.5f32, z: 0.5f32, w: 0.5f32 } ) .x .to_bits()	0x00000000
1141	super::rotation_around_axis( crate::mth_stubs::Vec3f { x: 0.0f32, y: 0.0f32, z: 0.0f32 }, crate::mth_stubs::Quaternionf { x: 0.5f32, y: 0.5f32, z: 0.5f32, w: 0.5f32 } ) .y .to_bits()	0x00000000
1142	super::rotation_around_axis( crate::mth_stubs::Vec3f { x: 0.0f32, y: 0.0f32, z: 0.0f32 }, crate::mth_stubs::Quaternionf { x: 0.5f32, y: 0.5f32, z: 0.5f32, w: 0.5f32 } ) .z .to_bits()	0x00000000
1143	super::rotation_around_axis( crate::mth_stubs::Vec3f { x: 0.0f32, y: 0.0f32, z: 0.0f32 }, crate::mth_stubs::Quaternionf { x: 0.5f32, y: 0.5f32, z: 0.5f32, w: 0.5f32 } ) .w .to_bits()	0x3f800000
1144	super::mul_and_truncate( &crate::mth_stubs::Fraction { numerator: 3, denominator: 4 }, 100 )	75i32
1145	super::mul_and_truncate( &crate::mth_stubs::Fraction { numerator: 1, denominator: 2 }, 100 )	50i32
1146	super::mul_and_truncate( &crate::mth_stubs::Fraction { numerator: 5, denominator: 3 }, 100 )	166i32
1147	super::mul_and_truncate( &crate::mth_stubs::Fraction { numerator: 7, denominator: 1 }, 100 )	700i32
1148	super::mul_and_truncate( &crate::mth_stubs::Fraction { numerator: 1, denominator: 3 }, 100 )	33i32
1149	super::mul_and_truncate( &crate::mth_stubs::Fraction { numerator: 2147483647, denominator: 2 }, 100 )	-50i32
1150	super::mul_and_truncate( &crate::mth_stubs::Fraction { numerator: 3, denominator: 4 }, 7 )	5i32
1151	super::mul_and_truncate( &crate::mth_stubs::Fraction { numerator: 1, denominator: 2 }, 7 )	3i32
1152	super::mul_and_truncate( &crate::mth_stubs::Fraction { numerator: 5, denominator: 3 }, 7 )	11i32
1153	super::mul_and_truncate( &crate::mth_stubs::Fraction { numerator: 7, denominator: 1 }, 7 )	49i32
1154	super::mul_and_truncate( &crate::mth_stubs::Fraction { numerator: 1, denominator: 3 }, 7 )	2i32
1155	super::mul_and_truncate( &crate::mth_stubs::Fraction { numerator: 2147483647, denominator: 2 }, 7 )	1073741820i32
