00000	00377
0037A	0037F
00384	0038A
0038C	0038C
0038E	003A1
003A3	0052F
00531	00556
00559	0058A
0058D	0058F
00591	005C7
005D0	005EA
005EF	005F4
00600	0070D
0070F	0074A
0074D	007B1
007C0	007FA
007FD	0082D
00830	0083E
00840	0085B
0085E	0085E
00860	0086A
00870	0088E
00890	00891
00897	00983
00985	0098C
0098F	00990
00993	009A8
009AA	009B0
009B2	009B2
009B6	009B9
009BC	009C4
009C7	009C8
009CB	009CE
009D7	009D7
009DC	009DD
009DF	009E3
009E6	009FE
00A01	00A03
00A05	00A0A
00A0F	00A10
00A13	00A28
00A2A	00A30
00A32	00A33
00A35	00A36
00A38	00A39
00A3C	00A3C
00A3E	00A42
00A47	00A48
00A4B	00A4D
00A51	00A51
00A59	00A5C
00A5E	00A5E
00A66	00A76
00A81	00A83
00A85	00A8D
00A8F	00A91
00A93	00AA8
00AAA	00AB0
00AB2	00AB3
00AB5	00AB9
00ABC	00AC5
00AC7	00AC9
00ACB	00ACD
00AD0	00AD0
00AE0	00AE3
00AE6	00AF1
00AF9	00AFF
00B01	00B03
00B05	00B0C
00B0F	00B10
00B13	00B28
00B2A	00B30
00B32	00B33
00B35	00B39
00B3C	00B44
00B47	00B48
00B4B	00B4D
00B55	00B57
00B5C	00B5D
00B5F	00B63
00B66	00B77
00B82	00B83
00B85	00B8A
00B8E	00B90
00B92	00B95
00B99	00B9A
00B9C	00B9C
00B9E	00B9F
00BA3	00BA4
00BA8	00BAA
00BAE	00BB9
00BBE	00BC2
00BC6	00BC8
00BCA	00BCD
00BD0	00BD0
00BD7	00BD7
00BE6	00BFA
00C00	00C0C
00C0E	00C10
00C12	00C28
00C2A	00C39
00C3C	00C44
00C46	00C48
00C4A	00C4D
00C55	00C56
00C58	00C5A
00C5D	00C5D
00C60	00C63
00C66	00C6F
00C77	00C8C
00C8E	00C90
00C92	00CA8
00CAA	00CB3
00CB5	00CB9
00CBC	00CC4
00CC6	00CC8
00CCA	00CCD
00CD5	00CD6
00CDD	00CDE
00CE0	00CE3
00CE6	00CEF
00CF1	00CF3
00D00	00D0C
00D0E	00D10
00D12	00D44
00D46	00D48
00D4A	00D4F
00D54	00D63
00D66	00D7F
00D81	00D83
00D85	00D96
00D9A	00DB1
00DB3	00DBB
00DBD	00DBD
00DC0	00DC6
00DCA	00DCA
00DCF	00DD4
00DD6	00DD6
00DD8	00DDF
00DE6	00DEF
00DF2	00DF4
00E01	00E3A
00E3F	00E5B
00E81	00E82
00E84	00E84
00E86	00E8A
00E8C	00EA3
00EA5	00EA5
00EA7	00EBD
00EC0	00EC4
00EC6	00EC6
00EC8	00ECE
00ED0	00ED9
00EDC	00EDF
00F00	00F47
00F49	00F6C
00F71	00F97
00F99	00FBC
00FBE	00FCC
00FCE	00FDA
01000	010C5
010C7	010C7
010CD	010CD
010D0	01248
0124A	0124D
01250	01256
01258	01258
0125A	0125D
01260	01288
0128A	0128D
01290	012B0
012B2	012B5
012B8	012BE
012C0	012C0
012C2	012C5
012C8	012D6
012D8	01310
01312	01315
01318	0135A
0135D	0137C
01380	01399
013A0	013F5
013F8	013FD
01400	0169C
016A0	016F8
01700	01715
0171F	01736
01740	01753
01760	0176C
0176E	01770
01772	01773
01780	017DD
017E0	017E9
017F0	017F9
01800	01819
01820	01878
01880	018AA
018B0	018F5
01900	0191E
01920	0192B
01930	0193B
01940	01940
01944	0196D
01970	01974
01980	019AB
019B0	019C9
019D0	019DA
019DE	01A1B
01A1E	01A5E
01A60	01A7C
01A7F	01A89
01A90	01A99
01AA0	01AAD
01AB0	01ACE
01B00	01B4C
01B4E	01BF3
01BFC	01C37
01C3B	01C49
01C4D	01C8A
01C90	01CBA
01CBD	01CC7
01CD0	01CFA
01D00	01F15
01F18	01F1D
01F20	01F45
01F48	01F4D
01F50	01F57
01F59	01F59
01F5B	01F5B
01F5D	01F5D
01F5F	01F7D
01F80	01FB4
01FB6	01FC4
01FC6	01FD3
01FD6	01FDB
01FDD	01FEF
01FF2	01FF4
01FF6	01FFE
02000	02064
02066	02071
02074	0208E
02090	0209C
020A0	020C0
020D0	020F0
02100	0218B
02190	02429
02440	0244A
02460	02B73
02B76	02B95
02B97	02CF3
02CF9	02D25
02D27	02D27
02D2D	02D2D
02D30	02D67
02D6F	02D70
02D7F	02D96
02DA0	02DA6
02DA8	02DAE
02DB0	02DB6
02DB8	02DBE
02DC0	02DC6
02DC8	02DCE
02DD0	02DD6
02DD8	02DDE
02DE0	02E5D
02E80	02E99
02E9B	02EF3
02F00	02FD5
02FF0	0303F
03041	03096
03099	030FF
03105	0312F
03131	0318E
03190	031E5
031EF	0321E
03220	0A48C
0A490	0A4C6
0A4D0	0A62B
0A640	0A6F7
0A700	0A7CD
0A7D0	0A7D1
0A7D3	0A7D3
0A7D5	0A7DC
0A7F2	0A82C
0A830	0A839
0A840	0A877
0A880	0A8C5
0A8CE	0A8D9
0A8E0	0A953
0A95F	0A97C
0A980	0A9CD
0A9CF	0A9D9
0A9DE	0A9FE
0AA00	0AA36
0AA40	0AA4D
0AA50	0AA59
0AA5C	0AAC2
0AADB	0AAF6
0AB01	0AB06
0AB09	0AB0E
0AB11	0AB16
0AB20	0AB26
0AB28	0AB2E
0AB30	0AB6B
0AB70	0ABED
0ABF0	0ABF9
0AC00	0D7A3
0D7B0	0D7C6
0D7CB	0D7FB
0D800	0FA6D
0FA70	0FAD9
0FB00	0FB06
0FB13	0FB17
0FB1D	0FB36
0FB38	0FB3C
0FB3E	0FB3E
0FB40	0FB41
0FB43	0FB44
0FB46	0FBC2
0FBD3	0FD8F
0FD92	0FDC7
0FDCF	0FDCF
0FDF0	0FE19
0FE20	0FE52
0FE54	0FE66
0FE68	0FE6B
0FE70	0FE74
0FE76	0FEFC
0FEFF	0FEFF
0FF01	0FFBE
0FFC2	0FFC7
0FFCA	0FFCF
0FFD2	0FFD7
0FFDA	0FFDC
0FFE0	0FFE6
0FFE8	0FFEE
0FFF9	0FFFD
10000	1000B
1000D	10026
10028	1003A
1003C	1003D
1003F	1004D
10050	1005D
10080	100FA
10100	10102
10107	10133
10137	1018E
10190	1019C
101A0	101A0
101D0	101FD
10280	1029C
102A0	102D0
102E0	102FB
10300	10323
1032D	1034A
10350	1037A
10380	1039D
1039F	103C3
103C8	103D5
10400	1049D
104A0	104A9
104B0	104D3
104D8	104FB
10500	10527
10530	10563
1056F	1057A
1057C	1058A
1058C	10592
10594	10595
10597	105A1
105A3	105B1
105B3	105B9
105BB	105BC
105C0	105F3
10600	10736
10740	10755
10760	10767
10780	10785
10787	107B0
107B2	107BA
10800	10805
10808	10808
1080A	10835
10837	10838
1083C	1083C
1083F	10855
10857	1089E
108A7	108AF
108E0	108F2
108F4	108F5
108FB	1091B
1091F	10939
1093F	1093F
10980	109B7
109BC	109CF
109D2	10A03
10A05	10A06
10A0C	10A13
10A15	10A17
10A19	10A35
10A38	10A3A
10A3F	10A48
10A50	10A58
10A60	10A9F
10AC0	10AE6
10AEB	10AF6
10B00	10B35
10B39	10B55
10B58	10B72
10B78	10B91
10B99	10B9C
10BA9	10BAF
10C00	10C48
10C80	10CB2
10CC0	10CF2
10CFA	10D27
10D30	10D39
10D40	10D65
10D69	10D85
10D8E	10D8F
10E60	10E7E
10E80	10EA9
10EAB	10EAD
10EB0	10EB1
10EC2	10EC4
10EFC	10F27
10F30	10F59
10F70	10F89
10FB0	10FCB
10FE0	10FF6
11000	1104D
11052	11075
1107F	110C2
110CD	110CD
110D0	110E8
110F0	110F9
11100	11134
11136	11147
11150	11176
11180	111DF
111E1	111F4
11200	11211
11213	11241
11280	11286
11288	11288
1128A	1128D
1128F	1129D
1129F	112A9
112B0	112EA
112F0	112F9
11300	11303
11305	1130C
1130F	11310
11313	11328
1132A	11330
11332	11333
11335	11339
1133B	11344
11347	11348
1134B	1134D
11350	11350
11357	11357
1135D	11363
11366	1136C
11370	11374
11380	11389
1138B	1138B
1138E	1138E
11390	113B5
113B7	113C0
113C2	113C2
113C5	113C5
113C7	113CA
113CC	113D5
113D7	113D8
113E1	113E2
11400	1145B
1145D	11461
11480	114C7
114D0	114D9
11580	115B5
115B8	115DD
11600	11644
11650	11659
11660	1166C
11680	116B9
116C0	116C9
116D0	116E3
11700	1171A
1171D	1172B
11730	11746
11800	1183B
118A0	118F2
118FF	11906
11909	11909
1190C	11913
11915	11916
11918	11935
11937	11938
1193B	11946
11950	11959
119A0	119A7
119AA	119D7
119DA	119E4
11A00	11A47
11A50	11AA2
11AB0	11AF8
11B00	11B09
11BC0	11BE1
11BF0	11BF9
11C00	11C08
11C0A	11C36
11C38	11C45
11C50	11C6C
11C70	11C8F
11C92	11CA7
11CA9	11CB6
11D00	11D06
11D08	11D09
11D0B	11D36
11D3A	11D3A
11D3C	11D3D
11D3F	11D47
11D50	11D59
11D60	11D65
11D67	11D68
11D6A	11D8E
11D90	11D91
11D93	11D98
11DA0	11DA9
11EE0	11EF8
11F00	11F10
11F12	11F3A
11F3E	11F5A
11FB0	11FB0
11FC0	11FF1
11FFF	12399
12400	1246E
12470	12474
12480	12543
12F90	12FF2
13000	13455
13460	143FA
14400	14646
16100	16139
16800	16A38
16A40	16A5E
16A60	16A69
16A6E	16ABE
16AC0	16AC9
16AD0	16AED
16AF0	16AF5
16B00	16B45
16B50	16B59
16B5B	16B61
16B63	16B77
16B7D	16B8F
16D40	16D79
16E40	16E9A
16F00	16F4A
16F4F	16F87
16F8F	16F9F
16FE0	16FE4
16FF0	16FF1
17000	187F7
18800	18CD5
18CFF	18D08
1AFF0	1AFF3
1AFF5	1AFFB
1AFFD	1AFFE
1B000	1B122
1B132	1B132
1B150	1B152
1B155	1B155
1B164	1B167
1B170	1B2FB
1BC00	1BC6A
1BC70	1BC7C
1BC80	1BC88
1BC90	1BC99
1BC9C	1BCA3
1CC00	1CCF9
1CD00	1CEB3
1CF00	1CF2D
1CF30	1CF46
1CF50	1CFC3
1D000	1D0F5
1D100	1D126
1D129	1D1EA
1D200	1D245
1D2C0	1D2D3
1D2E0	1D2F3
1D300	1D356
1D360	1D378
1D400	1D454
1D456	1D49C
1D49E	1D49F
1D4A2	1D4A2
1D4A5	1D4A6
1D4A9	1D4AC
1D4AE	1D4B9
1D4BB	1D4BB
1D4BD	1D4C3
1D4C5	1D505
1D507	1D50A
1D50D	1D514
1D516	1D51C
1D51E	1D539
1D53B	1D53E
1D540	1D544
1D546	1D546
1D54A	1D550
1D552	1D6A5
1D6A8	1D7CB
1D7CE	1DA8B
1DA9B	1DA9F
1DAA1	1DAAF
1DF00	1DF1E
1DF25	1DF2A
1E000	1E006
1E008	1E018
1E01B	1E021
1E023	1E024
1E026	1E02A
1E030	1E06D
1E08F	1E08F
1E100	1E12C
1E130	1E13D
1E140	1E149
1E14E	1E14F
1E290	1E2AE
1E2C0	1E2F9
1E2FF	1E2FF
1E4D0	1E4F9
1E5D0	1E5FA
1E5FF	1E5FF
1E7E0	1E7E6
1E7E8	1E7EB
1E7ED	1E7EE
1E7F0	1E7FE
1E800	1E8C4
1E8C7	1E8D6
1E900	1E94B
1E950	1E959
1E95E	1E95F
1EC71	1ECB4
1ED01	1ED3D
1EE00	1EE03
1EE05	1EE1F
1EE21	1EE22
1EE24	1EE24
1EE27	1EE27
1EE29	1EE32
1EE34	1EE37
1EE39	1EE39
1EE3B	1EE3B
1EE42	1EE42
1EE47	1EE47
1EE49	1EE49
1EE4B	1EE4B
1EE4D	1EE4F
1EE51	1EE52
1EE54	1EE54
1EE57	1EE57
1EE59	1EE59
1EE5B	1EE5B
1EE5D	1EE5D
1EE5F	1EE5F
1EE61	1EE62
1EE64	1EE64
1EE67	1EE6A
1EE6C	1EE72
1EE74	1EE77
1EE79	1EE7C
1EE7E	1EE7E
1EE80	1EE89
1EE8B	1EE9B
1EEA1	1EEA3
1EEA5	1EEA9
1EEAB	1EEBB
1EEF0	1EEF1
1F000	1F02B
1F030	1F093
1F0A0	1F0AE
1F0B1	1F0BF
1F0C1	1F0CF
1F0D1	1F0F5
1F100	1F1AD
1F1E6	1F202
1F210	1F23B
1F240	1F248
1F250	1F251
1F260	1F265
1F300	1F6D7
1F6DC	1F6EC
1F6F0	1F6FC
1F700	1F776
1F77B	1F7D9
1F7E0	1F7EB
1F7F0	1F7F0
1F800	1F80B
1F810	1F847
1F850	1F859
1F860	1F887
1F890	1F8AD
1F8B0	1F8BB
1F8C0	1F8C1
1F900	1FA53
1FA60	1FA6D
1FA70	1FA7C
1FA80	1FA89
1FA8F	1FAC6
1FACE	1FADC
1FADF	1FAE9
1FAF0	1FAF8
1FB00	1FB92
1FB94	1FBF9
20000	2A6DF
2A700	2B739
2B740	2B81D
2B820	2CEA1
2CEB0	2EBE0
2EBF0	2EE5D
2F800	2FA1D
30000	3134A
31350	323AF
E0001	E0001
E0020	E007F
E0100	E01EF
F0000	FFFFD
100000	10FFFD
